order_ref,customer_ref,sku,quantity,order_value_inr,placed_at,payment_method,status,delivery_promise_days,actual_delivery_days
KW-O-000000,KW-C-00317,KW-SKU-000508,1,12999,2026-07-10T01:05,card,delivered,7,3
KW-O-000001,KW-C-00172,KW-SKU-000158,1,12999,2025-09-28T05:04,upi,placed,3,3
KW-O-000002,KW-C-00019,KW-SKU-000132,1,6499,2025-12-18T09:49,card,delivered,7,
KW-O-000003,KW-C-00094,KW-SKU-000368,1,12999,2025-08-25T15:59,upi,delivered,5,2
KW-O-000004,KW-C-00435,KW-SKU-000169,1,299,2026-07-13T14:48,upi,delivered,7,1
KW-O-000005,KW-C-00435,KW-SKU-000184,1,1499,2025-09-04T12:15,upi,delivered,5,
KW-O-000006,KW-C-00298,KW-SKU-000570,1,2999,2025-07-03T12:11,upi,delivered,7,14
KW-O-000007,KW-C-00424,KW-SKU-000564,2,6499,2026-02-13T05:23,upi,shipped,3,3
KW-O-000008,KW-C-00355,KW-SKU-000568,1,24999,2025-12-25T22:50,card,placed,7,4
KW-O-000009,KW-C-00039,KW-SKU-000307,1,2999,2026-06-01T05:44,netbanking,delivered,2,1
KW-O-000010,KW-C-00194,KW-SKU-000389,1,799,2025-10-03T19:47,cod,delivered,10,4
KW-O-000011,KW-C-00003,KW-SKU-000392,1,6499,2026-04-20T20:55,upi,delivered,2,2
KW-O-000012,KW-C-00417,KW-SKU-000594,2,1499,2025-08-25T13:13,wallet,cancelled,7,3
KW-O-000013,KW-C-00371,KW-SKU-000497,1,2999,2026-01-29T07:45,card,returned,3,6
KW-O-000014,KW-C-00143,KW-SKU-000095,1,799,2025-08-07T08:11,upi,shipped,10,2
KW-O-000015,KW-C-00004,KW-SKU-000350,2,2999,2026-02-04T18:02,card,delivered,7,1
KW-O-000016,KW-C-00159,KW-SKU-000461,1,12999,2026-02-02T22:33,upi,delivered,5,1
KW-O-000017,KW-C-00232,KW-SKU-000102,1,54999,2026-04-03T11:52,upi,placed,3,2
KW-O-000018,KW-C-00414,KW-SKU-000362,1,24999,2025-12-28T09:38,card,delivered,3,
KW-O-000019,KW-C-00338,KW-SKU-000483,1,299,2026-02-17T05:38,upi,delivered,3,4
KW-O-000020,KW-C-00135,KW-SKU-000264,1,54999,2026-05-22T16:38,card,returned,3,2
KW-O-000021,KW-C-00201,KW-SKU-000295,1,24999,2025-12-02T01:23,netbanking,placed,7,1
KW-O-000022,KW-C-00085,KW-SKU-000436,1,54999,2025-11-28T11:24,upi,returned,10,1
KW-O-000023,KW-C-00250,KW-SKU-000406,1,299,2026-03-04T10:16,card,returned,10,14
KW-O-000024,KW-C-00151,KW-SKU-000416,1,1499,2026-02-20T11:17,upi,delivered,7,6
KW-O-000025,KW-C-00031,KW-SKU-000287,1,24999,2025-06-23T22:24,upi,delivered,10,14
KW-O-000026,KW-C-00302,KW-SKU-000278,1,799,2026-07-15T08:36,upi,cancelled,3,14
KW-O-000027,KW-C-00012,KW-SKU-000054,2,54999,2025-08-29T02:44,cod,placed,2,
KW-O-000028,KW-C-00486,KW-SKU-000227,1,12999,2026-06-20T02:02,upi,delivered,3,4
KW-O-000029,KW-C-00227,KW-SKU-000540,1,799,2025-07-06T02:12,upi,delivered,7,1
KW-O-000030,KW-C-00142,KW-SKU-000024,1,799,2025-07-05T17:39,card,delivered,5,9
KW-O-000031,KW-C-00229,KW-SKU-000286,1,2999,2026-05-01T19:56,upi,delivered,10,14
KW-O-000032,KW-C-00191,KW-SKU-000165,1,799,2026-02-28T08:36,upi,delivered,3,4
KW-O-000033,KW-C-00124,KW-SKU-000001,2,299,2026-03-14T03:29,upi,delivered,10,3
KW-O-000034,KW-C-00320,KW-SKU-000413,3,2999,2026-04-02T04:49,wallet,delivered,10,
KW-O-000035,KW-C-00120,KW-SKU-000106,3,2999,2026-05-27T20:12,netbanking,cancelled,7,3
KW-O-000036,KW-C-00259,KW-SKU-000507,1,1499,2026-01-05T10:57,cod,shipped,10,9
KW-O-000037,KW-C-00192,KW-SKU-000337,3,2999,2026-07-20T23:19,cod,shipped,7,14
KW-O-000038,KW-C-00339,KW-SKU-000094,1,799,2026-05-25T09:54,netbanking,returned,5,4
KW-O-000039,KW-C-00458,KW-SKU-000493,2,24999,2025-09-11T23:23,upi,placed,2,9
KW-O-000040,KW-C-00286,KW-SKU-000103,1,2999,2026-03-16T23:25,cod,delivered,3,2
KW-O-000041,KW-C-00198,KW-SKU-000139,1,24999,2025-09-09T16:42,wallet,delivered,10,4
KW-O-000042,KW-C-00384,KW-SKU-000269,1,24999,2026-03-22T12:50,card,delivered,10,
KW-O-000043,KW-C-00052,KW-SKU-000303,1,12999,2025-06-19T11:20,upi,placed,3,4
KW-O-000044,KW-C-00338,KW-SKU-000135,1,799,2025-12-18T23:21,wallet,returned,7,3
KW-O-000045,KW-C-00164,KW-SKU-000129,1,299,2026-03-15T15:19,upi,delivered,3,14
KW-O-000046,KW-C-00003,KW-SKU-000049,1,799,2025-07-19T00:06,upi,delivered,2,9
KW-O-000047,KW-C-00037,KW-SKU-000425,1,54999,2026-05-02T19:24,card,delivered,5,2
KW-O-000048,KW-C-00485,KW-SKU-000089,2,299,2025-09-23T14:01,card,delivered,10,3
KW-O-000049,KW-C-00271,KW-SKU-000310,1,24999,2025-11-04T10:49,cod,delivered,10,14
KW-O-000050,KW-C-00065,KW-SKU-000201,1,2999,2026-06-13T16:53,card,delivered,5,2
KW-O-000051,KW-C-00346,KW-SKU-000477,2,2999,2026-06-25T21:55,upi,delivered,5,9
KW-O-000052,KW-C-00035,KW-SKU-000141,1,799,2026-04-28T19:33,wallet,delivered,3,3
KW-O-000053,KW-C-00210,KW-SKU-000218,1,24999,2025-06-23T16:18,cod,shipped,7,2
KW-O-000054,KW-C-00424,KW-SKU-000029,1,24999,2025-11-27T20:26,card,shipped,7,4
KW-O-000055,KW-C-00259,KW-SKU-000193,1,799,2026-05-02T08:44,upi,delivered,5,1
KW-O-000056,KW-C-00075,KW-SKU-000230,1,799,2025-12-13T18:06,wallet,delivered,3,9
KW-O-000057,KW-C-00403,KW-SKU-000546,1,24999,2025-09-24T01:08,cod,cancelled,3,14
KW-O-000058,KW-C-00236,KW-SKU-000597,1,12999,2025-12-11T02:22,cod,shipped,3,9
KW-O-000059,KW-C-00464,KW-SKU-000424,1,6499,2025-10-29T01:49,upi,delivered,3,14
KW-O-000060,KW-C-00259,KW-SKU-000115,2,799,2026-05-11T06:06,card,delivered,3,4
KW-O-000061,KW-C-00218,KW-SKU-000263,1,299,2025-07-13T08:41,upi,delivered,2,9
KW-O-000062,KW-C-00359,KW-SKU-000356,1,299,2026-02-08T19:13,wallet,cancelled,3,
KW-O-000063,KW-C-00245,KW-SKU-000053,1,12999,2026-07-24T12:58,upi,delivered,2,6
KW-O-000064,KW-C-00488,KW-SKU-000241,1,799,2026-04-06T10:21,upi,cancelled,7,14
KW-O-000065,KW-C-00110,KW-SKU-000149,1,6499,2025-06-24T20:11,card,delivered,3,9
KW-O-000066,KW-C-00336,KW-SKU-000581,3,54999,2026-03-02T02:41,wallet,delivered,10,4
KW-O-000067,KW-C-00250,KW-SKU-000592,1,12999,2026-03-13T05:18,card,returned,3,6
KW-O-000068,KW-C-00137,KW-SKU-000087,1,54999,2026-05-24T00:25,upi,returned,7,1
KW-O-000069,KW-C-00363,KW-SKU-000540,1,12999,2025-11-24T00:36,upi,delivered,7,2
KW-O-000070,KW-C-00082,KW-SKU-000373,2,6499,2025-08-26T16:42,wallet,shipped,3,1
KW-O-000071,KW-C-00278,KW-SKU-000043,1,2999,2025-06-18T13:41,card,returned,3,3
KW-O-000072,KW-C-00326,KW-SKU-000572,1,54999,2025-12-20T16:31,card,cancelled,3,2
KW-O-000073,KW-C-00454,KW-SKU-000483,1,2999,2025-07-07T21:53,card,delivered,3,14
KW-O-000074,KW-C-00390,KW-SKU-000297,1,1499,2026-03-08T16:02,card,delivered,2,2
KW-O-000075,KW-C-00432,KW-SKU-000023,1,1499,2026-05-22T06:29,upi,delivered,2,14
KW-O-000076,KW-C-00250,KW-SKU-000440,1,2999,2025-10-09T18:42,upi,delivered,3,9
KW-O-000077,KW-C-00169,KW-SKU-000093,1,299,2026-03-08T22:23,card,delivered,2,1
KW-O-000078,KW-C-00058,KW-SKU-000310,1,6499,2026-07-11T01:00,wallet,shipped,3,4
KW-O-000079,KW-C-00006,KW-SKU-000214,1,54999,2025-07-14T09:22,card,delivered,2,3
KW-O-000080,KW-C-00118,KW-SKU-000002,1,2999,2026-07-23T05:17,upi,delivered,5,4
KW-O-000081,KW-C-00169,KW-SKU-000209,1,24999,2026-05-28T06:10,wallet,shipped,10,1
KW-O-000082,KW-C-00446,KW-SKU-000425,1,2999,2025-09-02T06:10,card,cancelled,7,14
KW-O-000083,KW-C-00372,KW-SKU-000312,1,2999,2026-06-08T09:39,cod,delivered,5,6
KW-O-000084,KW-C-00482,KW-SKU-000019,1,24999,2025-07-27T07:13,upi,delivered,2,1
KW-O-000085,KW-C-00148,KW-SKU-000339,1,799,2026-01-16T14:25,upi,delivered,7,14
KW-O-000086,KW-C-00073,KW-SKU-000594,2,1499,2026-01-25T20:47,upi,delivered,5,2
KW-O-000087,KW-C-00183,KW-SKU-000006,1,299,2025-09-07T19:36,upi,returned,7,14
KW-O-000088,KW-C-00374,KW-SKU-000199,1,1499,2025-08-23T01:11,wallet,delivered,3,3
KW-O-000089,KW-C-00338,KW-SKU-000565,2,12999,2025-09-18T19:15,upi,delivered,7,
KW-O-000090,KW-C-00120,KW-SKU-000358,2,299,2026-01-29T14:57,netbanking,cancelled,5,
KW-O-000091,KW-C-00089,KW-SKU-000348,1,2999,2026-04-17T15:08,upi,placed,2,2
KW-O-000092,KW-C-00468,KW-SKU-000337,1,12999,2025-09-05T07:52,upi,delivered,3,
KW-O-000093,KW-C-00360,KW-SKU-000556,1,1499,2026-05-19T06:23,upi,delivered,7,6
KW-O-000094,KW-C-00300,KW-SKU-000019,3,299,2026-07-25T05:19,card,returned,10,1
KW-O-000095,KW-C-00060,KW-SKU-000556,1,6499,2026-06-08T02:59,cod,shipped,10,4
KW-O-000096,KW-C-00490,KW-SKU-000336,3,6499,2026-03-20T04:34,upi,delivered,3,1
KW-O-000097,KW-C-00377,KW-SKU-000361,1,54999,2026-02-15T13:48,upi,delivered,10,2
KW-O-000098,KW-C-00348,KW-SKU-000192,1,2999,2025-08-29T11:09,card,delivered,5,
KW-O-000099,KW-C-00497,KW-SKU-000146,1,6499,2026-04-23T03:13,upi,cancelled,2,2
KW-O-000100,KW-C-00000,KW-SKU-000562,1,12999,2026-04-05T13:30,netbanking,delivered,2,2
KW-O-000101,KW-C-00337,KW-SKU-000171,1,2999,2026-03-05T03:56,card,delivered,10,14
KW-O-000102,KW-C-00003,KW-SKU-000526,1,54999,2025-07-24T14:10,upi,delivered,3,4
KW-O-000103,KW-C-00351,KW-SKU-000507,1,799,2025-06-12T20:05,wallet,delivered,10,
KW-O-000104,KW-C-00238,KW-SKU-000107,1,12999,2025-09-13T17:50,wallet,returned,3,4
KW-O-000105,KW-C-00346,KW-SKU-000497,1,12999,2026-07-16T22:43,cod,shipped,5,14
KW-O-000106,KW-C-00333,KW-SKU-000107,1,6499,2026-07-10T11:14,wallet,returned,7,14
KW-O-000107,KW-C-00026,KW-SKU-000582,1,299,2025-12-12T21:29,upi,delivered,5,6
KW-O-000108,KW-C-00160,KW-SKU-000473,1,6499,2026-01-08T06:55,cod,delivered,2,1
KW-O-000109,KW-C-00206,KW-SKU-000595,2,1499,2026-05-24T09:01,wallet,shipped,5,6
KW-O-000110,KW-C-00152,KW-SKU-000462,2,799,2025-12-04T18:37,wallet,placed,5,4
KW-O-000111,KW-C-00296,KW-SKU-000527,1,12999,2026-02-27T03:30,netbanking,delivered,10,1
KW-O-000112,KW-C-00415,KW-SKU-000586,3,12999,2026-06-01T06:26,upi,delivered,10,4
KW-O-000113,KW-C-00168,KW-SKU-000426,1,799,2026-06-28T07:30,upi,delivered,3,6
KW-O-000114,KW-C-00250,KW-SKU-000215,1,54999,2025-07-07T14:57,upi,shipped,7,
KW-O-000115,KW-C-00048,KW-SKU-000197,1,299,2026-04-04T16:31,upi,placed,10,4
KW-O-000116,KW-C-00298,KW-SKU-000160,1,2999,2026-04-04T16:03,wallet,delivered,5,1
KW-O-000117,KW-C-00462,KW-SKU-000193,1,12999,2025-12-07T21:52,card,delivered,2,3
KW-O-000118,KW-C-00044,KW-SKU-000141,2,24999,2025-11-28T12:32,upi,shipped,3,9
KW-O-000119,KW-C-00414,KW-SKU-000121,1,54999,2026-02-19T11:33,card,delivered,2,4
KW-O-000120,KW-C-00495,KW-SKU-000131,1,54999,2025-09-23T20:20,upi,delivered,10,9
KW-O-000121,KW-C-00299,KW-SKU-000248,1,12999,2025-07-03T07:14,upi,delivered,2,3
KW-O-000122,KW-C-00020,KW-SKU-000420,1,6499,2025-07-05T22:01,card,delivered,5,6
KW-O-000123,KW-C-00288,KW-SKU-000280,1,24999,2026-03-14T08:17,card,shipped,10,4
KW-O-000124,KW-C-00489,KW-SKU-000151,1,299,2025-08-18T19:11,cod,delivered,7,14
KW-O-000125,KW-C-00463,KW-SKU-000157,1,1499,2025-08-26T15:55,cod,delivered,3,1
KW-O-000126,KW-C-00197,KW-SKU-000303,1,12999,2026-03-17T15:05,card,placed,5,9
KW-O-000127,KW-C-00165,KW-SKU-000348,1,299,2026-03-21T13:01,card,delivered,5,14
KW-O-000128,KW-C-00255,KW-SKU-000510,1,6499,2025-06-12T12:20,cod,shipped,3,
KW-O-000129,KW-C-00439,KW-SKU-000196,1,299,2026-04-21T18:52,card,delivered,2,1
KW-O-000130,KW-C-00091,KW-SKU-000250,1,24999,2026-07-15T22:05,wallet,returned,3,14
KW-O-000131,KW-C-00094,KW-SKU-000188,1,54999,2025-06-20T20:50,upi,delivered,2,14
KW-O-000132,KW-C-00234,KW-SKU-000038,1,54999,2025-08-27T07:07,card,delivered,5,2
KW-O-000133,KW-C-00019,KW-SKU-000057,1,2999,2025-10-19T11:18,card,delivered,7,14
KW-O-000134,KW-C-00457,KW-SKU-000167,2,24999,2026-06-11T19:15,card,placed,3,4
KW-O-000135,KW-C-00301,KW-SKU-000074,1,1499,2025-12-03T23:05,upi,delivered,10,3
KW-O-000136,KW-C-00001,KW-SKU-000345,1,54999,2025-09-02T17:41,card,shipped,7,1
KW-O-000137,KW-C-00459,KW-SKU-000572,1,1499,2025-07-20T14:27,upi,delivered,7,6
KW-O-000138,KW-C-00232,KW-SKU-000055,1,12999,2025-10-26T14:34,upi,delivered,7,3
KW-O-000139,KW-C-00031,KW-SKU-000409,1,1499,2025-09-28T05:27,wallet,delivered,2,2
KW-O-000140,KW-C-00215,KW-SKU-000590,1,6499,2025-10-15T09:46,card,delivered,5,9
KW-O-000141,KW-C-00379,KW-SKU-000277,1,299,2025-09-22T01:28,cod,delivered,2,14
KW-O-000142,KW-C-00225,KW-SKU-000159,1,6499,2025-12-30T09:58,cod,returned,3,9
KW-O-000143,KW-C-00111,KW-SKU-000463,1,6499,2026-05-31T11:15,upi,delivered,10,6
KW-O-000144,KW-C-00226,KW-SKU-000003,2,6499,2025-06-18T07:43,upi,delivered,7,1
KW-O-000145,KW-C-00044,KW-SKU-000145,2,54999,2026-05-10T10:54,netbanking,shipped,5,3
KW-O-000146,KW-C-00267,KW-SKU-000062,1,1499,2026-04-13T04:45,upi,returned,7,2
KW-O-000147,KW-C-00131,KW-SKU-000122,1,299,2026-03-27T17:00,upi,cancelled,2,14
KW-O-000148,KW-C-00171,KW-SKU-000396,1,24999,2025-07-03T05:17,upi,placed,3,2
KW-O-000149,KW-C-00193,KW-SKU-000312,3,12999,2026-04-15T03:59,upi,shipped,10,4
KW-O-000150,KW-C-00450,KW-SKU-000178,1,6499,2025-09-11T01:48,card,delivered,3,9
KW-O-000151,KW-C-00042,KW-SKU-000408,1,799,2026-01-03T03:13,upi,shipped,10,6
KW-O-000152,KW-C-00267,KW-SKU-000450,1,799,2025-06-22T16:37,upi,delivered,7,
KW-O-000153,KW-C-00187,KW-SKU-000174,1,54999,2025-08-26T04:48,upi,delivered,2,
KW-O-000154,KW-C-00029,KW-SKU-000291,1,24999,2026-01-14T22:06,netbanking,delivered,7,14
KW-O-000155,KW-C-00358,KW-SKU-000155,1,6499,2026-05-25T05:45,upi,delivered,5,2
KW-O-000156,KW-C-00017,KW-SKU-000584,2,299,2025-08-17T12:22,upi,placed,2,
KW-O-000157,KW-C-00014,KW-SKU-000180,1,299,2026-03-15T15:25,card,delivered,10,
KW-O-000158,KW-C-00351,KW-SKU-000235,1,1499,2025-10-12T08:20,card,placed,3,
KW-O-000159,KW-C-00463,KW-SKU-000484,1,54999,2026-03-17T11:17,upi,delivered,5,4
KW-O-000160,KW-C-00164,KW-SKU-000462,1,6499,2026-05-01T08:30,cod,shipped,3,14
KW-O-000161,KW-C-00342,KW-SKU-000169,1,799,2025-12-24T16:53,upi,shipped,3,
KW-O-000162,KW-C-00020,KW-SKU-000375,1,2999,2026-01-19T23:04,card,returned,10,4
KW-O-000163,KW-C-00404,KW-SKU-000433,1,24999,2026-05-18T08:20,wallet,delivered,10,
KW-O-000164,KW-C-00273,KW-SKU-000117,1,24999,2026-03-29T00:02,wallet,placed,10,9
KW-O-000165,KW-C-00254,KW-SKU-000090,2,54999,2026-03-01T04:23,upi,delivered,5,6
KW-O-000166,KW-C-00264,KW-SKU-000521,1,6499,2026-04-07T01:29,upi,placed,2,4
KW-O-000167,KW-C-00257,KW-SKU-000410,1,299,2026-02-24T10:45,upi,delivered,5,9
KW-O-000168,KW-C-00289,KW-SKU-000591,1,2999,2025-06-28T04:45,card,delivered,3,9
KW-O-000169,KW-C-00498,KW-SKU-000451,1,799,2025-09-28T06:39,card,shipped,2,9
KW-O-000170,KW-C-00492,KW-SKU-000547,1,24999,2025-08-01T09:11,cod,delivered,5,4
KW-O-000171,KW-C-00039,KW-SKU-000248,1,24999,2025-10-14T06:26,card,delivered,2,
KW-O-000172,KW-C-00333,KW-SKU-000281,1,299,2025-11-08T14:25,cod,placed,3,3
KW-O-000173,KW-C-00135,KW-SKU-000158,1,54999,2026-04-28T12:06,upi,shipped,5,9
KW-O-000174,KW-C-00279,KW-SKU-000167,2,54999,2026-01-23T16:17,cod,delivered,2,3
KW-O-000175,KW-C-00437,KW-SKU-000288,1,6499,2025-07-27T06:28,upi,delivered,7,6
KW-O-000176,KW-C-00002,KW-SKU-000301,1,2999,2026-04-03T15:40,netbanking,returned,7,6
KW-O-000177,KW-C-00406,KW-SKU-000184,1,24999,2026-06-10T21:11,card,shipped,5,1
KW-O-000178,KW-C-00176,KW-SKU-000147,1,1499,2026-01-04T04:42,upi,cancelled,7,
KW-O-000179,KW-C-00236,KW-SKU-000481,1,6499,2026-07-19T22:47,upi,delivered,7,6
KW-O-000180,KW-C-00120,KW-SKU-000284,1,1499,2025-07-31T04:18,wallet,delivered,3,14
KW-O-000181,KW-C-00353,KW-SKU-000336,3,24999,2025-06-09T21:47,card,delivered,2,4
KW-O-000182,KW-C-00192,KW-SKU-000255,1,299,2025-12-19T11:06,card,cancelled,10,6
KW-O-000183,KW-C-00245,KW-SKU-000248,1,12999,2026-01-22T04:51,upi,returned,2,9
KW-O-000184,KW-C-00283,KW-SKU-000411,1,1499,2026-04-21T12:18,wallet,delivered,2,
KW-O-000185,KW-C-00336,KW-SKU-000428,1,6499,2025-06-29T07:06,upi,cancelled,3,2
KW-O-000186,KW-C-00017,KW-SKU-000134,1,54999,2026-03-28T13:44,upi,delivered,3,1
KW-O-000187,KW-C-00428,KW-SKU-000450,3,1499,2025-11-19T22:57,cod,cancelled,7,2
KW-O-000188,KW-C-00211,KW-SKU-000165,1,54999,2026-07-29T09:27,cod,delivered,3,2
KW-O-000189,KW-C-00066,KW-SKU-000078,1,299,2025-08-28T00:56,upi,cancelled,10,
KW-O-000190,KW-C-00388,KW-SKU-000048,2,24999,2026-07-31T11:37,card,delivered,5,9
KW-O-000191,KW-C-00169,KW-SKU-000525,1,2999,2026-07-09T00:20,upi,delivered,5,2
KW-O-000192,KW-C-00476,KW-SKU-000029,1,1499,2026-07-18T12:17,upi,placed,3,14
KW-O-000193,KW-C-00299,KW-SKU-000042,2,12999,2026-05-09T12:48,cod,delivered,7,6
KW-O-000194,KW-C-00274,KW-SKU-000513,2,6499,2025-10-21T18:28,upi,placed,3,1
KW-O-000195,KW-C-00040,KW-SKU-000225,2,1499,2025-12-12T18:15,cod,delivered,7,2
KW-O-000196,KW-C-00107,KW-SKU-000163,2,2999,2025-10-15T13:02,cod,returned,10,14
KW-O-000197,KW-C-00064,KW-SKU-000453,2,54999,2026-01-20T22:32,upi,shipped,10,9
KW-O-000198,KW-C-00241,KW-SKU-000147,1,24999,2025-10-29T23:08,netbanking,delivered,3,1
KW-O-000199,KW-C-00467,KW-SKU-000494,1,2999,2026-07-05T06:08,cod,delivered,2,1
KW-O-000200,KW-C-00093,KW-SKU-000549,1,2999,2026-04-19T06:26,card,delivered,5,
KW-O-000201,KW-C-00175,KW-SKU-000435,1,1499,2025-12-12T21:35,cod,cancelled,7,
KW-O-000202,KW-C-00028,KW-SKU-000260,1,12999,2025-07-05T18:21,upi,delivered,7,4
KW-O-000203,KW-C-00482,KW-SKU-000128,1,2999,2025-07-24T16:10,wallet,delivered,3,3
KW-O-000204,KW-C-00417,KW-SKU-000458,2,299,2026-03-01T20:54,upi,shipped,5,1
KW-O-000205,KW-C-00169,KW-SKU-000350,1,24999,2025-10-03T17:48,upi,delivered,3,
KW-O-000206,KW-C-00332,KW-SKU-000039,1,799,2026-05-29T05:35,upi,returned,10,2
KW-O-000207,KW-C-00403,KW-SKU-000597,1,6499,2026-03-13T18:00,upi,delivered,3,14
KW-O-000208,KW-C-00194,KW-SKU-000010,1,6499,2026-03-01T00:00,upi,returned,5,14
KW-O-000209,KW-C-00382,KW-SKU-000233,1,1499,2026-06-30T07:37,upi,placed,3,6
KW-O-000210,KW-C-00180,KW-SKU-000547,1,54999,2026-02-18T22:08,card,delivered,7,3
KW-O-000211,KW-C-00346,KW-SKU-000268,2,6499,2025-12-10T03:06,netbanking,delivered,2,
KW-O-000212,KW-C-00012,KW-SKU-000568,1,2999,2026-04-23T20:03,card,shipped,2,4
KW-O-000213,KW-C-00294,KW-SKU-000523,1,799,2025-12-14T14:59,card,returned,7,2
KW-O-000214,KW-C-00073,KW-SKU-000557,1,12999,2026-03-26T08:40,upi,delivered,5,2
KW-O-000215,KW-C-00276,KW-SKU-000017,2,12999,2025-07-07T00:55,cod,shipped,5,4
KW-O-000216,KW-C-00206,KW-SKU-000469,1,54999,2026-02-15T15:31,upi,delivered,7,2
KW-O-000217,KW-C-00474,KW-SKU-000390,1,24999,2026-02-09T23:18,upi,delivered,10,6
KW-O-000218,KW-C-00491,KW-SKU-000506,1,12999,2026-03-08T21:50,upi,delivered,5,1
KW-O-000219,KW-C-00165,KW-SKU-000245,1,24999,2026-02-28T11:35,card,delivered,2,
KW-O-000220,KW-C-00153,KW-SKU-000526,1,6499,2025-09-04T11:46,cod,delivered,10,9
KW-O-000221,KW-C-00353,KW-SKU-000320,1,12999,2025-10-10T00:04,card,returned,7,3
KW-O-000222,KW-C-00201,KW-SKU-000320,1,799,2025-08-04T02:09,upi,delivered,2,6
KW-O-000223,KW-C-00251,KW-SKU-000302,1,12999,2026-03-25T01:43,card,delivered,2,3
KW-O-000224,KW-C-00322,KW-SKU-000394,1,6499,2026-06-10T05:15,upi,placed,10,3
KW-O-000225,KW-C-00486,KW-SKU-000058,1,12999,2026-01-26T12:51,wallet,delivered,2,3
KW-O-000226,KW-C-00449,KW-SKU-000292,1,1499,2026-01-14T08:42,upi,returned,7,4
KW-O-000227,KW-C-00329,KW-SKU-000022,1,799,2026-01-18T06:49,card,delivered,10,1
KW-O-000228,KW-C-00367,KW-SKU-000168,1,12999,2026-03-15T07:31,upi,placed,2,6
KW-O-000229,KW-C-00311,KW-SKU-000258,1,2999,2026-06-14T00:00,cod,delivered,7,1
KW-O-000230,KW-C-00283,KW-SKU-000089,3,799,2025-08-13T10:34,card,delivered,3,6
KW-O-000231,KW-C-00363,KW-SKU-000375,1,2999,2026-07-02T13:17,card,delivered,10,14
KW-O-000232,KW-C-00456,KW-SKU-000472,1,24999,2025-10-22T00:01,card,delivered,5,3
KW-O-000233,KW-C-00393,KW-SKU-000119,1,1499,2025-09-05T10:55,upi,cancelled,3,2
KW-O-000234,KW-C-00020,KW-SKU-000094,1,6499,2025-11-28T04:43,upi,shipped,10,1
KW-O-000235,KW-C-00364,KW-SKU-000071,1,24999,2026-07-22T17:04,upi,delivered,3,2
KW-O-000236,KW-C-00346,KW-SKU-000589,2,299,2025-08-30T00:31,upi,placed,3,4
KW-O-000237,KW-C-00200,KW-SKU-000575,1,2999,2026-02-11T15:37,card,returned,3,14
KW-O-000238,KW-C-00250,KW-SKU-000055,3,799,2026-04-13T01:09,cod,shipped,3,2
KW-O-000239,KW-C-00454,KW-SKU-000518,1,54999,2025-09-04T19:34,card,delivered,2,2
KW-O-000240,KW-C-00369,KW-SKU-000210,1,299,2025-12-10T03:35,wallet,returned,5,6
KW-O-000241,KW-C-00220,KW-SKU-000028,3,799,2026-03-20T02:46,card,delivered,7,9
KW-O-000242,KW-C-00423,KW-SKU-000507,1,1499,2025-07-22T10:46,upi,cancelled,7,3
KW-O-000243,KW-C-00038,KW-SKU-000386,1,2999,2025-11-29T23:41,card,placed,3,
KW-O-000244,KW-C-00372,KW-SKU-000078,1,299,2026-07-03T17:02,upi,cancelled,7,1
KW-O-000245,KW-C-00388,KW-SKU-000587,1,2999,2025-10-31T08:53,card,delivered,7,1
KW-O-000246,KW-C-00176,KW-SKU-000287,1,24999,2025-06-17T23:43,upi,delivered,3,4
KW-O-000247,KW-C-00353,KW-SKU-000472,1,54999,2025-11-23T20:32,card,delivered,10,1
KW-O-000248,KW-C-00296,KW-SKU-000507,2,799,2025-06-27T21:39,card,placed,7,4
KW-O-000249,KW-C-00093,KW-SKU-000221,1,299,2025-12-18T06:45,cod,delivered,10,
KW-O-000250,KW-C-00146,KW-SKU-000554,1,2999,2026-01-21T01:45,upi,delivered,3,
KW-O-000251,KW-C-00307,KW-SKU-000005,2,54999,2026-02-22T14:51,card,delivered,5,3
KW-O-000252,KW-C-00281,KW-SKU-000345,1,12999,2026-03-24T17:46,upi,cancelled,3,2
KW-O-000253,KW-C-00400,KW-SKU-000024,3,6499,2026-04-30T05:51,upi,shipped,3,14
KW-O-000254,KW-C-00277,KW-SKU-000574,2,54999,2026-06-27T07:49,card,cancelled,3,3
KW-O-000255,KW-C-00272,KW-SKU-000017,1,2999,2025-12-11T04:37,upi,delivered,10,6
KW-O-000256,KW-C-00215,KW-SKU-000280,1,54999,2026-04-24T09:22,netbanking,delivered,7,4
KW-O-000257,KW-C-00392,KW-SKU-000090,1,24999,2026-06-23T19:39,card,delivered,5,3
KW-O-000258,KW-C-00246,KW-SKU-000409,1,6499,2026-05-16T21:24,upi,delivered,10,2
KW-O-000259,KW-C-00383,KW-SKU-000275,1,799,2025-09-01T12:28,upi,shipped,2,6
KW-O-000260,KW-C-00359,KW-SKU-000388,2,799,2025-11-20T17:31,upi,delivered,2,6
KW-O-000261,KW-C-00469,KW-SKU-000031,2,24999,2026-04-03T17:48,card,delivered,3,14
KW-O-000262,KW-C-00400,KW-SKU-000340,1,6499,2025-06-24T13:37,upi,delivered,5,3
KW-O-000263,KW-C-00256,KW-SKU-000252,1,6499,2026-04-12T16:40,cod,returned,3,
KW-O-000264,KW-C-00045,KW-SKU-000273,2,2999,2026-05-24T12:19,card,delivered,5,9
KW-O-000265,KW-C-00173,KW-SKU-000580,1,24999,2026-01-11T11:40,cod,placed,3,1
KW-O-000266,KW-C-00047,KW-SKU-000423,1,1499,2025-08-13T08:30,card,delivered,3,14
KW-O-000267,KW-C-00464,KW-SKU-000273,1,799,2026-06-08T15:49,upi,delivered,7,4
KW-O-000268,KW-C-00408,KW-SKU-000543,1,12999,2026-04-06T17:55,upi,cancelled,10,9
KW-O-000269,KW-C-00010,KW-SKU-000599,1,299,2026-05-23T15:54,cod,delivered,2,14
KW-O-000270,KW-C-00016,KW-SKU-000556,1,2999,2026-03-14T13:08,upi,delivered,5,1
KW-O-000271,KW-C-00140,KW-SKU-000540,1,6499,2025-12-11T05:08,card,delivered,7,
KW-O-000272,KW-C-00007,KW-SKU-000430,1,54999,2025-07-03T17:25,cod,delivered,10,9
KW-O-000273,KW-C-00156,KW-SKU-000185,1,12999,2025-09-11T18:38,card,delivered,7,14
KW-O-000274,KW-C-00150,KW-SKU-000141,2,54999,2026-02-18T03:39,cod,delivered,5,14
KW-O-000275,KW-C-00243,KW-SKU-000351,1,299,2025-09-16T16:24,netbanking,shipped,2,
KW-O-000276,KW-C-00138,KW-SKU-000313,1,6499,2025-11-13T08:45,wallet,delivered,3,4
KW-O-000277,KW-C-00345,KW-SKU-000120,2,2999,2026-02-05T12:34,upi,delivered,7,6
KW-O-000278,KW-C-00310,KW-SKU-000498,1,299,2026-07-11T21:52,card,delivered,7,2
KW-O-000279,KW-C-00349,KW-SKU-000290,1,12999,2025-09-12T19:33,upi,returned,3,1
KW-O-000280,KW-C-00447,KW-SKU-000579,1,6499,2026-01-03T13:03,card,returned,5,3
KW-O-000281,KW-C-00160,KW-SKU-000359,1,2999,2025-12-14T20:17,upi,delivered,10,
KW-O-000282,KW-C-00440,KW-SKU-000415,1,799,2026-03-13T08:58,upi,placed,3,14
KW-O-000283,KW-C-00193,KW-SKU-000280,1,54999,2026-02-15T08:42,card,shipped,10,3
KW-O-000284,KW-C-00427,KW-SKU-000537,2,54999,2025-07-27T16:00,netbanking,delivered,10,6
KW-O-000285,KW-C-00477,KW-SKU-000002,1,799,2025-08-03T01:31,card,delivered,2,6
KW-O-000286,KW-C-00131,KW-SKU-000260,1,799,2026-04-15T02:18,netbanking,returned,10,4
KW-O-000287,KW-C-00388,KW-SKU-000590,1,6499,2025-07-24T06:01,card,delivered,7,4
KW-O-000288,KW-C-00469,KW-SKU-000559,2,12999,2026-07-13T07:17,netbanking,shipped,7,
KW-O-000289,KW-C-00286,KW-SKU-000507,1,299,2026-01-20T11:34,upi,delivered,2,3
KW-O-000290,KW-C-00124,KW-SKU-000176,1,799,2026-02-26T22:55,card,delivered,10,1
KW-O-000291,KW-C-00386,KW-SKU-000169,1,299,2025-10-12T07:27,upi,delivered,7,1
KW-O-000292,KW-C-00277,KW-SKU-000440,1,2999,2025-09-30T15:25,upi,shipped,10,9
KW-O-000293,KW-C-00032,KW-SKU-000419,1,1499,2026-05-30T04:21,netbanking,delivered,2,1
KW-O-000294,KW-C-00349,KW-SKU-000483,1,299,2025-11-01T02:34,upi,delivered,7,1
KW-O-000295,KW-C-00323,KW-SKU-000524,1,24999,2026-07-22T06:35,cod,delivered,7,4
KW-O-000296,KW-C-00018,KW-SKU-000510,2,299,2025-10-12T22:18,upi,cancelled,10,4
KW-O-000297,KW-C-00258,KW-SKU-000277,1,24999,2026-01-05T09:23,upi,delivered,7,14
KW-O-000298,KW-C-00315,KW-SKU-000419,1,54999,2025-10-22T01:55,cod,delivered,5,9
KW-O-000299,KW-C-00162,KW-SKU-000452,1,54999,2026-04-10T03:43,upi,delivered,2,3
KW-O-000300,KW-C-00052,KW-SKU-000457,3,6499,2026-07-02T09:39,upi,delivered,2,1
KW-O-000301,KW-C-00157,KW-SKU-000341,1,1499,2025-11-04T22:16,card,delivered,3,14
KW-O-000302,KW-C-00029,KW-SKU-000221,1,24999,2025-11-29T17:37,upi,cancelled,5,3
KW-O-000303,KW-C-00487,KW-SKU-000453,1,299,2026-03-22T16:59,upi,delivered,2,
KW-O-000304,KW-C-00397,KW-SKU-000040,1,2999,2025-12-24T16:47,upi,delivered,5,3
KW-O-000305,KW-C-00139,KW-SKU-000476,1,54999,2025-09-30T16:58,upi,shipped,10,4
KW-O-000306,KW-C-00389,KW-SKU-000588,1,299,2026-06-16T21:37,card,delivered,3,14
KW-O-000307,KW-C-00307,KW-SKU-000213,1,54999,2026-04-20T10:17,upi,shipped,5,3
KW-O-000308,KW-C-00272,KW-SKU-000363,1,1499,2025-10-01T10:55,wallet,delivered,3,
KW-O-000309,KW-C-00458,KW-SKU-000224,1,1499,2025-09-23T23:18,card,delivered,3,2
KW-O-000310,KW-C-00119,KW-SKU-000234,1,299,2025-07-04T19:52,card,delivered,5,3
KW-O-000311,KW-C-00128,KW-SKU-000034,1,54999,2025-11-15T15:14,card,shipped,3,4
KW-O-000312,KW-C-00323,KW-SKU-000550,2,2999,2025-09-11T12:36,upi,delivered,2,3
KW-O-000313,KW-C-00330,KW-SKU-000498,2,299,2026-03-14T00:46,card,shipped,2,9
KW-O-000314,KW-C-00244,KW-SKU-000431,1,24999,2025-09-03T15:59,upi,cancelled,7,6
KW-O-000315,KW-C-00432,KW-SKU-000365,1,1499,2026-03-21T09:31,card,delivered,10,4
KW-O-000316,KW-C-00317,KW-SKU-000161,1,299,2026-06-02T10:31,upi,delivered,7,4
KW-O-000317,KW-C-00267,KW-SKU-000542,1,2999,2026-05-06T08:06,card,returned,10,4
KW-O-000318,KW-C-00113,KW-SKU-000467,1,54999,2025-07-06T21:40,cod,delivered,10,4
KW-O-000319,KW-C-00041,KW-SKU-000381,1,1499,2025-11-18T10:33,card,delivered,10,14
KW-O-000320,KW-C-00408,KW-SKU-000371,1,299,2026-03-02T16:34,card,placed,7,14
KW-O-000321,KW-C-00207,KW-SKU-000037,1,54999,2026-07-19T09:13,card,delivered,7,
KW-O-000322,KW-C-00445,KW-SKU-000304,2,24999,2025-08-19T02:12,card,delivered,5,2
KW-O-000323,KW-C-00118,KW-SKU-000540,1,6499,2025-06-08T03:04,card,delivered,3,3
KW-O-000324,KW-C-00166,KW-SKU-000360,1,24999,2025-08-26T12:06,card,delivered,5,4
KW-O-000325,KW-C-00116,KW-SKU-000263,1,6499,2026-04-25T10:18,card,delivered,5,9
KW-O-000326,KW-C-00212,KW-SKU-000370,1,12999,2026-01-15T12:21,card,delivered,10,
KW-O-000327,KW-C-00016,KW-SKU-000054,1,799,2025-11-23T01:54,card,shipped,7,4
KW-O-000328,KW-C-00343,KW-SKU-000385,1,1499,2026-03-29T15:52,upi,delivered,7,4
KW-O-000329,KW-C-00087,KW-SKU-000209,1,54999,2025-10-29T18:11,card,shipped,2,14
KW-O-000330,KW-C-00002,KW-SKU-000098,1,299,2026-04-07T09:54,upi,delivered,10,14
KW-O-000331,KW-C-00368,KW-SKU-000023,1,2999,2026-04-11T05:08,netbanking,delivered,7,6
KW-O-000332,KW-C-00473,KW-SKU-000458,1,2999,2026-01-29T15:49,upi,delivered,10,9
KW-O-000333,KW-C-00046,KW-SKU-000495,3,299,2026-01-10T09:15,cod,delivered,2,4
KW-O-000334,KW-C-00049,KW-SKU-000424,1,12999,2026-06-27T08:33,upi,delivered,2,6
KW-O-000335,KW-C-00384,KW-SKU-000502,2,6499,2026-03-06T06:46,upi,returned,5,6
KW-O-000336,KW-C-00405,KW-SKU-000218,1,2999,2026-06-25T21:18,upi,delivered,2,9
KW-O-000337,KW-C-00256,KW-SKU-000586,1,12999,2025-09-16T22:41,upi,delivered,2,4
KW-O-000338,KW-C-00277,KW-SKU-000310,1,54999,2026-05-17T01:50,card,delivered,10,4
KW-O-000339,KW-C-00140,KW-SKU-000251,2,12999,2026-05-19T01:31,card,delivered,10,9
KW-O-000340,KW-C-00257,KW-SKU-000041,1,12999,2025-11-20T20:14,card,delivered,10,14
KW-O-000341,KW-C-00201,KW-SKU-000169,1,2999,2026-01-11T04:23,card,cancelled,5,6
KW-O-000342,KW-C-00207,KW-SKU-000337,1,799,2026-07-22T18:53,card,shipped,5,14
KW-O-000343,KW-C-00421,KW-SKU-000240,1,799,2025-07-02T09:07,card,delivered,3,9
KW-O-000344,KW-C-00214,KW-SKU-000297,1,299,2026-02-03T10:10,cod,delivered,2,4
KW-O-000345,KW-C-00206,KW-SKU-000265,1,54999,2026-06-12T19:47,upi,cancelled,2,2
KW-O-000346,KW-C-00041,KW-SKU-000190,1,12999,2026-05-04T06:45,card,delivered,10,14
KW-O-000347,KW-C-00179,KW-SKU-000564,1,799,2026-02-05T11:55,upi,cancelled,2,1
KW-O-000348,KW-C-00062,KW-SKU-000321,1,2999,2026-01-28T11:41,card,delivered,10,14
KW-O-000349,KW-C-00000,KW-SKU-000102,2,12999,2026-04-14T21:54,upi,placed,2,3
KW-O-000350,KW-C-00402,KW-SKU-000493,1,299,2026-02-25T11:29,card,cancelled,2,2
KW-O-000351,KW-C-00438,KW-SKU-000301,2,54999,2025-10-28T13:42,card,delivered,5,1
KW-O-000352,KW-C-00382,KW-SKU-000092,1,799,2026-04-02T05:34,card,delivered,5,1
KW-O-000353,KW-C-00172,KW-SKU-000123,1,2999,2026-03-11T01:49,cod,delivered,10,
KW-O-000354,KW-C-00256,KW-SKU-000443,1,54999,2025-08-09T15:58,card,placed,2,6
KW-O-000355,KW-C-00305,KW-SKU-000208,1,12999,2025-09-30T00:31,card,cancelled,2,14
KW-O-000356,KW-C-00078,KW-SKU-000225,1,1499,2025-08-11T09:49,card,shipped,10,9
KW-O-000357,KW-C-00492,KW-SKU-000138,1,6499,2025-10-12T03:08,card,placed,3,
KW-O-000358,KW-C-00479,KW-SKU-000482,1,12999,2025-08-03T02:35,upi,delivered,5,1
KW-O-000359,KW-C-00204,KW-SKU-000108,1,1499,2026-04-05T06:08,cod,delivered,3,1
KW-O-000360,KW-C-00469,KW-SKU-000060,3,12999,2025-12-02T16:10,netbanking,delivered,7,2
KW-O-000361,KW-C-00056,KW-SKU-000120,1,299,2025-10-15T21:05,cod,placed,2,2
KW-O-000362,KW-C-00442,KW-SKU-000235,2,2999,2025-09-17T17:10,card,shipped,5,
KW-O-000363,KW-C-00030,KW-SKU-000439,1,2999,2025-09-20T17:50,card,delivered,5,14
KW-O-000364,KW-C-00358,KW-SKU-000107,2,24999,2026-07-04T12:55,upi,delivered,7,1
KW-O-000365,KW-C-00183,KW-SKU-000031,1,799,2026-01-17T05:34,card,delivered,3,14
KW-O-000366,KW-C-00265,KW-SKU-000125,1,6499,2025-06-11T22:43,wallet,returned,10,1
KW-O-000367,KW-C-00130,KW-SKU-000416,2,799,2025-12-21T00:28,wallet,delivered,2,6
KW-O-000368,KW-C-00411,KW-SKU-000565,2,6499,2025-07-07T00:00,upi,delivered,5,9
KW-O-000369,KW-C-00419,KW-SKU-000413,1,12999,2025-06-30T13:12,cod,cancelled,2,14
KW-O-000370,KW-C-00354,KW-SKU-000467,1,24999,2025-09-17T16:07,upi,delivered,10,9
KW-O-000371,KW-C-00249,KW-SKU-000264,1,6499,2025-07-08T22:14,card,shipped,10,1
KW-O-000372,KW-C-00317,KW-SKU-000367,1,54999,2026-01-18T21:37,cod,shipped,3,6
KW-O-000373,KW-C-00207,KW-SKU-000399,1,12999,2026-05-26T02:46,card,shipped,5,
KW-O-000374,KW-C-00268,KW-SKU-000410,1,6499,2025-09-23T07:50,upi,delivered,10,9
KW-O-000375,KW-C-00068,KW-SKU-000396,1,54999,2025-06-18T12:01,netbanking,shipped,7,14
KW-O-000376,KW-C-00393,KW-SKU-000553,1,299,2025-09-21T20:49,wallet,delivered,10,3
KW-O-000377,KW-C-00413,KW-SKU-000409,2,24999,2026-01-03T03:26,upi,placed,7,9
KW-O-000378,KW-C-00080,KW-SKU-000509,1,6499,2026-03-28T08:21,card,placed,5,
KW-O-000379,KW-C-00105,KW-SKU-000088,1,1499,2025-09-18T00:12,upi,delivered,3,9
KW-O-000380,KW-C-00174,KW-SKU-000399,2,299,2025-10-02T22:46,upi,delivered,10,6
KW-O-000381,KW-C-00449,KW-SKU-000064,1,799,2026-04-06T16:03,upi,cancelled,5,3
KW-O-000382,KW-C-00320,KW-SKU-000368,2,2999,2025-06-13T18:52,upi,delivered,3,2
KW-O-000383,KW-C-00139,KW-SKU-000380,2,299,2026-07-12T09:57,upi,returned,10,4
KW-O-000384,KW-C-00339,KW-SKU-000152,1,1499,2026-01-17T04:35,wallet,delivered,2,2
KW-O-000385,KW-C-00471,KW-SKU-000592,1,6499,2025-09-29T11:06,cod,delivered,2,6
KW-O-000386,KW-C-00143,KW-SKU-000031,2,54999,2025-08-04T17:03,upi,delivered,3,
KW-O-000387,KW-C-00302,KW-SKU-000557,1,6499,2026-06-16T12:47,card,shipped,2,14
KW-O-000388,KW-C-00075,KW-SKU-000233,1,54999,2026-07-24T17:45,upi,delivered,10,2
KW-O-000389,KW-C-00055,KW-SKU-000015,3,24999,2026-07-02T11:35,card,delivered,7,9
KW-O-000390,KW-C-00265,KW-SKU-000445,2,12999,2026-06-02T03:00,upi,delivered,5,9
KW-O-000391,KW-C-00213,KW-SKU-000218,1,6499,2025-09-14T09:42,upi,returned,3,4
KW-O-000392,KW-C-00421,KW-SKU-000152,1,6499,2026-06-26T01:38,wallet,shipped,5,4
KW-O-000393,KW-C-00059,KW-SKU-000069,2,1499,2026-02-16T07:31,upi,delivered,3,6
KW-O-000394,KW-C-00187,KW-SKU-000235,1,1499,2026-02-23T16:07,upi,delivered,2,6
KW-O-000395,KW-C-00203,KW-SKU-000484,1,24999,2026-05-16T04:56,wallet,delivered,10,
KW-O-000396,KW-C-00164,KW-SKU-000512,1,1499,2026-01-25T19:00,card,delivered,3,2
KW-O-000397,KW-C-00366,KW-SKU-000399,1,2999,2025-11-21T11:39,card,delivered,3,14
KW-O-000398,KW-C-00048,KW-SKU-000035,1,6499,2025-09-15T02:26,wallet,returned,5,6
KW-O-000399,KW-C-00001,KW-SKU-000124,1,24999,2025-11-25T03:37,card,returned,5,3
KW-O-000400,KW-C-00476,KW-SKU-000313,1,54999,2026-03-31T01:05,upi,returned,3,2
KW-O-000401,KW-C-00049,KW-SKU-000125,1,12999,2026-06-14T06:56,card,delivered,5,
KW-O-000402,KW-C-00318,KW-SKU-000442,2,54999,2025-10-13T05:52,card,placed,2,4
KW-O-000403,KW-C-00115,KW-SKU-000301,1,54999,2026-01-28T08:50,upi,delivered,5,14
KW-O-000404,KW-C-00375,KW-SKU-000543,1,799,2025-07-30T19:53,cod,delivered,7,1
KW-O-000405,KW-C-00059,KW-SKU-000375,1,1499,2025-09-16T23:55,upi,delivered,7,14
KW-O-000406,KW-C-00263,KW-SKU-000130,1,6499,2025-11-24T22:27,upi,placed,3,4
KW-O-000407,KW-C-00082,KW-SKU-000171,1,12999,2025-09-06T15:49,card,placed,7,1
KW-O-000408,KW-C-00230,KW-SKU-000211,1,6499,2026-01-18T11:58,wallet,cancelled,10,4
KW-O-000409,KW-C-00284,KW-SKU-000474,1,54999,2026-04-11T05:21,wallet,delivered,2,
KW-O-000410,KW-C-00113,KW-SKU-000412,1,12999,2025-06-21T08:31,upi,placed,7,14
KW-O-000411,KW-C-00082,KW-SKU-000562,2,799,2025-09-23T12:48,cod,shipped,10,3
KW-O-000412,KW-C-00297,KW-SKU-000217,2,24999,2025-09-09T07:09,cod,delivered,7,6
KW-O-000413,KW-C-00068,KW-SKU-000436,1,2999,2026-05-15T09:58,upi,shipped,2,6
KW-O-000414,KW-C-00329,KW-SKU-000441,1,299,2026-03-14T02:44,cod,delivered,7,1
KW-O-000415,KW-C-00278,KW-SKU-000360,3,799,2026-01-05T13:08,card,delivered,5,4
KW-O-000416,KW-C-00266,KW-SKU-000283,1,799,2026-02-26T12:01,card,delivered,5,14
KW-O-000417,KW-C-00050,KW-SKU-000157,3,1499,2026-03-07T09:08,card,cancelled,3,
KW-O-000418,KW-C-00242,KW-SKU-000019,1,2999,2025-08-14T23:55,cod,delivered,10,2
KW-O-000419,KW-C-00352,KW-SKU-000420,1,12999,2025-08-10T23:16,cod,delivered,10,9
KW-O-000420,KW-C-00085,KW-SKU-000075,1,54999,2025-12-24T18:38,upi,shipped,2,4
KW-O-000421,KW-C-00099,KW-SKU-000403,1,54999,2026-04-21T22:03,card,delivered,7,
KW-O-000422,KW-C-00249,KW-SKU-000374,1,12999,2026-06-12T06:46,cod,delivered,3,6
KW-O-000423,KW-C-00248,KW-SKU-000263,3,799,2025-08-15T17:39,upi,delivered,10,1
KW-O-000424,KW-C-00091,KW-SKU-000442,1,1499,2026-01-24T16:01,card,delivered,2,
KW-O-000425,KW-C-00058,KW-SKU-000372,2,299,2026-04-18T18:10,card,shipped,10,2
KW-O-000426,KW-C-00157,KW-SKU-000538,3,6499,2026-02-22T01:01,card,delivered,7,6
KW-O-000427,KW-C-00316,KW-SKU-000160,1,6499,2026-06-30T06:19,netbanking,delivered,2,1
KW-O-000428,KW-C-00486,KW-SKU-000403,1,24999,2026-07-19T19:46,wallet,cancelled,5,
KW-O-000429,KW-C-00159,KW-SKU-000584,3,12999,2025-06-21T18:45,netbanking,delivered,10,1
KW-O-000430,KW-C-00232,KW-SKU-000586,1,2999,2026-03-30T15:11,upi,shipped,2,14
KW-O-000431,KW-C-00023,KW-SKU-000185,1,54999,2025-09-07T03:52,card,delivered,3,1
KW-O-000432,KW-C-00260,KW-SKU-000396,1,54999,2026-03-16T23:20,netbanking,cancelled,5,
KW-O-000433,KW-C-00340,KW-SKU-000372,1,54999,2025-08-26T19:28,upi,shipped,7,
KW-O-000434,KW-C-00060,KW-SKU-000118,1,6499,2025-06-12T21:35,upi,shipped,7,
KW-O-000435,KW-C-00320,KW-SKU-000187,1,24999,2025-11-14T01:41,card,returned,7,9
KW-O-000436,KW-C-00260,KW-SKU-000565,1,24999,2026-04-18T22:59,wallet,placed,10,9
KW-O-000437,KW-C-00102,KW-SKU-000355,1,54999,2026-06-10T18:16,cod,delivered,10,6
KW-O-000438,KW-C-00485,KW-SKU-000199,3,24999,2025-11-19T10:59,card,cancelled,2,3
KW-O-000439,KW-C-00102,KW-SKU-000153,1,54999,2026-03-31T14:39,upi,cancelled,5,14
KW-O-000440,KW-C-00376,KW-SKU-000342,1,24999,2025-12-29T07:17,upi,delivered,10,6
KW-O-000441,KW-C-00381,KW-SKU-000080,1,2999,2026-05-17T04:00,card,delivered,5,9
KW-O-000442,KW-C-00367,KW-SKU-000132,1,12999,2025-07-05T09:33,card,delivered,10,1
KW-O-000443,KW-C-00347,KW-SKU-000536,1,12999,2026-01-05T08:06,cod,delivered,5,9
KW-O-000444,KW-C-00121,KW-SKU-000451,2,12999,2025-06-28T08:02,card,cancelled,2,
KW-O-000445,KW-C-00003,KW-SKU-000383,1,2999,2026-07-20T03:16,card,delivered,7,4
KW-O-000446,KW-C-00369,KW-SKU-000123,1,24999,2025-10-30T06:09,upi,delivered,2,6
KW-O-000447,KW-C-00243,KW-SKU-000226,1,299,2025-06-30T00:52,netbanking,cancelled,2,9
KW-O-000448,KW-C-00369,KW-SKU-000395,1,6499,2025-06-08T09:22,cod,delivered,2,3
KW-O-000449,KW-C-00184,KW-SKU-000528,1,54999,2026-04-19T23:25,upi,delivered,3,6
KW-O-000450,KW-C-00239,KW-SKU-000287,1,6499,2026-04-09T20:17,wallet,returned,7,14
KW-O-000451,KW-C-00126,KW-SKU-000223,2,1499,2025-07-06T09:07,cod,shipped,10,
KW-O-000452,KW-C-00057,KW-SKU-000343,1,299,2025-12-29T18:49,wallet,delivered,5,2
KW-O-000453,KW-C-00449,KW-SKU-000090,1,54999,2025-07-18T19:55,upi,delivered,10,2
KW-O-000454,KW-C-00058,KW-SKU-000401,1,6499,2026-02-17T01:27,upi,delivered,10,
KW-O-000455,KW-C-00265,KW-SKU-000201,3,299,2025-11-11T09:59,upi,delivered,3,9
KW-O-000456,KW-C-00441,KW-SKU-000380,1,54999,2026-05-20T17:10,upi,shipped,5,1
KW-O-000457,KW-C-00342,KW-SKU-000187,1,1499,2026-03-01T12:28,wallet,placed,7,
KW-O-000458,KW-C-00221,KW-SKU-000481,1,799,2026-02-21T21:27,upi,cancelled,10,2
KW-O-000459,KW-C-00307,KW-SKU-000186,1,24999,2025-10-09T14:08,cod,cancelled,10,2
KW-O-000460,KW-C-00096,KW-SKU-000503,1,12999,2025-09-14T07:27,upi,delivered,5,2
KW-O-000461,KW-C-00465,KW-SKU-000254,1,54999,2025-11-15T05:39,card,cancelled,10,1
KW-O-000462,KW-C-00296,KW-SKU-000067,1,24999,2026-06-22T09:49,cod,delivered,2,14
KW-O-000463,KW-C-00020,KW-SKU-000507,1,54999,2026-01-01T00:21,upi,delivered,5,
KW-O-000464,KW-C-00374,KW-SKU-000275,1,2999,2026-07-24T17:50,cod,delivered,10,9
KW-O-000465,KW-C-00109,KW-SKU-000443,2,12999,2026-06-01T13:30,upi,delivered,2,6
KW-O-000466,KW-C-00317,KW-SKU-000132,1,299,2025-12-28T03:00,upi,shipped,7,4
KW-O-000467,KW-C-00411,KW-SKU-000262,1,799,2026-04-06T06:23,upi,delivered,5,6
KW-O-000468,KW-C-00136,KW-SKU-000042,1,12999,2025-12-27T04:06,netbanking,delivered,2,4
KW-O-000469,KW-C-00497,KW-SKU-000034,1,12999,2025-10-29T23:50,upi,cancelled,5,3
KW-O-000470,KW-C-00317,KW-SKU-000055,1,12999,2026-05-02T04:21,card,delivered,2,3
KW-O-000471,KW-C-00195,KW-SKU-000200,1,1499,2026-04-15T18:39,cod,delivered,7,9
KW-O-000472,KW-C-00496,KW-SKU-000003,3,299,2025-12-30T00:03,upi,delivered,2,9
KW-O-000473,KW-C-00412,KW-SKU-000061,2,54999,2026-01-07T02:41,card,shipped,2,3
KW-O-000474,KW-C-00110,KW-SKU-000095,1,12999,2026-03-11T21:13,card,delivered,3,2
KW-O-000475,KW-C-00071,KW-SKU-000039,1,24999,2026-07-25T08:36,netbanking,shipped,2,6
KW-O-000476,KW-C-00447,KW-SKU-000127,1,299,2026-07-22T18:04,upi,cancelled,2,9
KW-O-000477,KW-C-00271,KW-SKU-000294,1,2999,2026-01-24T07:28,cod,delivered,7,
KW-O-000478,KW-C-00300,KW-SKU-000538,2,1499,2025-11-13T06:31,card,delivered,5,4
KW-O-000479,KW-C-00424,KW-SKU-000107,1,799,2026-07-21T03:19,upi,delivered,3,3
KW-O-000480,KW-C-00477,KW-SKU-000281,2,12999,2026-05-12T11:38,cod,shipped,5,3
KW-O-000481,KW-C-00186,KW-SKU-000478,1,799,2026-03-15T19:26,upi,delivered,2,4
KW-O-000482,KW-C-00479,KW-SKU-000525,1,24999,2025-07-19T00:52,wallet,cancelled,10,9
KW-O-000483,KW-C-00134,KW-SKU-000513,1,799,2026-01-28T23:30,upi,delivered,5,6
KW-O-000484,KW-C-00453,KW-SKU-000333,1,1499,2025-09-04T19:09,upi,delivered,5,1
KW-O-000485,KW-C-00469,KW-SKU-000340,1,24999,2025-12-08T17:05,upi,delivered,5,4
KW-O-000486,KW-C-00440,KW-SKU-000340,1,799,2026-03-20T09:59,cod,delivered,3,3
KW-O-000487,KW-C-00224,KW-SKU-000337,1,54999,2026-05-20T06:54,upi,returned,5,9
KW-O-000488,KW-C-00189,KW-SKU-000290,2,799,2025-10-25T02:56,card,delivered,3,6
KW-O-000489,KW-C-00247,KW-SKU-000481,1,299,2025-12-17T06:00,upi,delivered,5,9
KW-O-000490,KW-C-00280,KW-SKU-000317,1,24999,2026-01-14T03:01,upi,delivered,2,14
KW-O-000491,KW-C-00067,KW-SKU-000202,1,12999,2026-05-04T13:08,cod,delivered,7,2
KW-O-000492,KW-C-00168,KW-SKU-000372,1,12999,2025-10-05T00:28,cod,returned,7,14
KW-O-000493,KW-C-00134,KW-SKU-000021,1,799,2026-05-20T09:03,cod,cancelled,3,
KW-O-000494,KW-C-00347,KW-SKU-000494,1,2999,2025-09-29T23:04,cod,returned,5,2
KW-O-000495,KW-C-00141,KW-SKU-000105,1,299,2025-11-11T05:46,card,delivered,5,9
KW-O-000496,KW-C-00404,KW-SKU-000296,1,12999,2025-12-11T07:13,cod,delivered,7,3
KW-O-000497,KW-C-00217,KW-SKU-000571,3,2999,2025-09-10T22:22,card,delivered,7,14
KW-O-000498,KW-C-00260,KW-SKU-000055,1,12999,2026-04-25T12:42,wallet,delivered,10,2
KW-O-000499,KW-C-00257,KW-SKU-000427,1,299,2025-06-30T15:40,card,placed,2,9
KW-O-000500,KW-C-00348,KW-SKU-000482,1,1499,2026-02-18T09:43,card,delivered,7,4
KW-O-000501,KW-C-00200,KW-SKU-000569,1,299,2025-11-27T15:16,wallet,delivered,3,2
KW-O-000502,KW-C-00018,KW-SKU-000536,1,12999,2026-04-29T18:43,upi,placed,2,1
KW-O-000503,KW-C-00190,KW-SKU-000565,1,799,2026-03-20T15:20,card,delivered,3,3
KW-O-000504,KW-C-00082,KW-SKU-000415,1,299,2025-07-11T07:49,upi,shipped,3,4
KW-O-000505,KW-C-00124,KW-SKU-000511,1,1499,2026-05-10T00:42,cod,delivered,3,
KW-O-000506,KW-C-00086,KW-SKU-000064,1,2999,2026-07-15T07:23,upi,delivered,7,2
KW-O-000507,KW-C-00395,KW-SKU-000463,1,2999,2026-04-23T13:13,wallet,delivered,3,1
KW-O-000508,KW-C-00153,KW-SKU-000524,1,1499,2025-12-05T00:42,card,delivered,7,14
KW-O-000509,KW-C-00246,KW-SKU-000284,1,24999,2026-01-20T06:10,upi,cancelled,5,
KW-O-000510,KW-C-00392,KW-SKU-000170,1,24999,2025-11-05T03:44,upi,delivered,5,2
KW-O-000511,KW-C-00227,KW-SKU-000309,1,1499,2026-06-10T19:55,upi,delivered,2,6
KW-O-000512,KW-C-00196,KW-SKU-000222,3,12999,2025-12-24T04:22,card,delivered,5,14
KW-O-000513,KW-C-00159,KW-SKU-000147,1,6499,2026-04-16T16:27,card,shipped,7,1
KW-O-000514,KW-C-00137,KW-SKU-000397,1,799,2026-03-25T16:05,netbanking,shipped,10,3
KW-O-000515,KW-C-00295,KW-SKU-000149,1,1499,2025-09-23T10:06,card,delivered,3,3
KW-O-000516,KW-C-00115,KW-SKU-000478,1,54999,2025-07-18T02:47,wallet,delivered,2,14
KW-O-000517,KW-C-00104,KW-SKU-000527,1,6499,2025-07-27T08:02,wallet,returned,5,
KW-O-000518,KW-C-00125,KW-SKU-000052,2,12999,2026-07-01T20:34,upi,delivered,5,
KW-O-000519,KW-C-00333,KW-SKU-000380,2,54999,2026-04-13T14:15,upi,delivered,2,1
KW-O-000520,KW-C-00172,KW-SKU-000068,2,1499,2026-03-08T05:13,cod,delivered,7,14
KW-O-000521,KW-C-00327,KW-SKU-000261,2,6499,2025-12-27T04:58,card,delivered,3,3
KW-O-000522,KW-C-00018,KW-SKU-000376,1,6499,2026-06-05T00:30,netbanking,delivered,5,6
KW-O-000523,KW-C-00021,KW-SKU-000062,1,799,2025-10-23T07:10,netbanking,delivered,7,6
KW-O-000524,KW-C-00366,KW-SKU-000102,2,1499,2026-05-27T11:50,card,delivered,10,2
KW-O-000525,KW-C-00177,KW-SKU-000022,2,24999,2026-07-22T05:41,upi,shipped,3,9
KW-O-000526,KW-C-00025,KW-SKU-000556,1,6499,2026-02-10T12:59,netbanking,cancelled,3,
KW-O-000527,KW-C-00210,KW-SKU-000209,1,54999,2026-05-02T04:08,upi,delivered,2,6
KW-O-000528,KW-C-00106,KW-SKU-000209,1,299,2025-09-15T11:03,upi,returned,10,2
KW-O-000529,KW-C-00022,KW-SKU-000039,1,1499,2026-06-23T19:07,upi,delivered,5,
KW-O-000530,KW-C-00297,KW-SKU-000416,1,299,2026-01-22T20:59,upi,shipped,2,3
KW-O-000531,KW-C-00315,KW-SKU-000439,1,799,2026-03-07T06:35,cod,shipped,10,4
KW-O-000532,KW-C-00159,KW-SKU-000006,1,54999,2025-07-12T03:08,wallet,delivered,5,2
KW-O-000533,KW-C-00020,KW-SKU-000438,1,1499,2025-11-25T21:28,cod,returned,2,14
KW-O-000534,KW-C-00147,KW-SKU-000347,2,2999,2026-05-27T09:15,cod,shipped,7,4
KW-O-000535,KW-C-00022,KW-SKU-000290,1,1499,2025-10-05T18:21,upi,delivered,2,3
KW-O-000536,KW-C-00217,KW-SKU-000421,1,299,2026-04-24T18:11,card,shipped,2,14
KW-O-000537,KW-C-00173,KW-SKU-000522,1,1499,2026-03-10T17:38,card,delivered,5,3
KW-O-000538,KW-C-00233,KW-SKU-000142,2,2999,2026-04-30T08:45,upi,cancelled,2,3
KW-O-000539,KW-C-00370,KW-SKU-000321,1,299,2026-05-26T13:07,cod,delivered,7,
KW-O-000540,KW-C-00218,KW-SKU-000592,1,54999,2025-07-09T17:46,netbanking,delivered,3,2
KW-O-000541,KW-C-00046,KW-SKU-000392,1,2999,2026-07-18T06:02,cod,returned,5,4
KW-O-000542,KW-C-00389,KW-SKU-000236,1,12999,2025-12-02T17:43,card,delivered,10,9
KW-O-000543,KW-C-00445,KW-SKU-000428,1,299,2025-08-09T23:44,cod,delivered,3,3
KW-O-000544,KW-C-00361,KW-SKU-000540,1,1499,2025-08-30T11:21,card,delivered,5,14
KW-O-000545,KW-C-00401,KW-SKU-000342,1,12999,2026-07-22T17:36,wallet,delivered,3,1
KW-O-000546,KW-C-00035,KW-SKU-000066,1,6499,2026-01-29T22:54,upi,placed,5,2
KW-O-000547,KW-C-00310,KW-SKU-000226,1,24999,2025-07-16T03:16,wallet,delivered,3,14
KW-O-000548,KW-C-00391,KW-SKU-000243,1,54999,2025-11-12T02:44,wallet,delivered,5,4
KW-O-000549,KW-C-00358,KW-SKU-000054,1,6499,2026-06-03T21:50,card,delivered,5,4
KW-O-000550,KW-C-00475,KW-SKU-000459,1,1499,2026-05-23T13:12,card,delivered,5,
KW-O-000551,KW-C-00056,KW-SKU-000188,1,1499,2025-07-25T03:12,upi,delivered,3,4
KW-O-000552,KW-C-00047,KW-SKU-000459,1,12999,2026-06-07T23:29,upi,shipped,7,
KW-O-000553,KW-C-00018,KW-SKU-000363,1,54999,2026-03-25T15:03,netbanking,delivered,10,4
KW-O-000554,KW-C-00390,KW-SKU-000070,3,12999,2025-07-01T02:03,wallet,cancelled,10,2
KW-O-000555,KW-C-00310,KW-SKU-000561,1,799,2026-03-28T07:20,upi,shipped,7,6
KW-O-000556,KW-C-00014,KW-SKU-000531,1,6499,2026-06-30T09:36,wallet,placed,5,6
KW-O-000557,KW-C-00423,KW-SKU-000152,3,12999,2026-03-10T01:37,upi,returned,5,
KW-O-000558,KW-C-00339,KW-SKU-000509,2,24999,2025-06-24T00:56,cod,placed,5,14
KW-O-000559,KW-C-00445,KW-SKU-000012,1,12999,2025-10-25T03:04,upi,delivered,3,
KW-O-000560,KW-C-00297,KW-SKU-000163,1,1499,2025-09-01T07:50,netbanking,delivered,7,2
KW-O-000561,KW-C-00287,KW-SKU-000446,1,299,2025-09-09T13:50,wallet,placed,10,4
KW-O-000562,KW-C-00429,KW-SKU-000003,1,799,2026-05-12T00:43,upi,cancelled,2,2
KW-O-000563,KW-C-00025,KW-SKU-000050,2,1499,2026-06-05T09:05,upi,delivered,3,1
KW-O-000564,KW-C-00475,KW-SKU-000536,1,54999,2026-03-02T03:09,cod,delivered,2,6
KW-O-000565,KW-C-00068,KW-SKU-000394,1,799,2026-06-02T21:18,card,delivered,10,14
KW-O-000566,KW-C-00222,KW-SKU-000028,3,54999,2026-01-30T23:33,card,delivered,10,9
KW-O-000567,KW-C-00356,KW-SKU-000576,1,1499,2026-04-06T13:31,card,delivered,2,4
KW-O-000568,KW-C-00205,KW-SKU-000245,2,54999,2026-03-20T12:22,cod,delivered,10,3
KW-O-000569,KW-C-00022,KW-SKU-000049,1,799,2026-03-07T13:16,upi,delivered,10,14
KW-O-000570,KW-C-00096,KW-SKU-000371,1,1499,2026-06-09T16:11,wallet,delivered,7,6
KW-O-000571,KW-C-00230,KW-SKU-000288,1,2999,2026-07-08T04:29,upi,returned,10,9
KW-O-000572,KW-C-00110,KW-SKU-000549,1,24999,2026-01-31T17:56,upi,delivered,2,3
KW-O-000573,KW-C-00074,KW-SKU-000036,2,2999,2026-03-06T17:55,card,delivered,5,14
KW-O-000574,KW-C-00076,KW-SKU-000390,2,799,2025-09-10T23:32,upi,delivered,10,4
KW-O-000575,KW-C-00189,KW-SKU-000244,1,2999,2025-11-18T02:56,upi,delivered,10,
KW-O-000576,KW-C-00020,KW-SKU-000328,1,1499,2025-11-22T17:30,upi,delivered,7,9
KW-O-000577,KW-C-00120,KW-SKU-000337,2,1499,2025-12-04T16:27,upi,shipped,3,6
KW-O-000578,KW-C-00129,KW-SKU-000491,1,799,2026-06-23T17:09,card,shipped,10,4
KW-O-000579,KW-C-00381,KW-SKU-000377,1,2999,2026-01-18T22:07,upi,shipped,3,3
KW-O-000580,KW-C-00042,KW-SKU-000451,1,24999,2025-11-26T01:15,upi,returned,3,6
KW-O-000581,KW-C-00191,KW-SKU-000056,1,54999,2026-05-14T15:34,wallet,delivered,7,2
KW-O-000582,KW-C-00153,KW-SKU-000208,1,1499,2026-05-29T15:25,upi,shipped,5,4
KW-O-000583,KW-C-00126,KW-SKU-000514,2,799,2026-03-06T00:39,card,delivered,5,1
KW-O-000584,KW-C-00460,KW-SKU-000470,1,6499,2025-09-24T16:15,upi,delivered,3,14
KW-O-000585,KW-C-00230,KW-SKU-000360,3,1499,2026-03-24T05:12,cod,delivered,3,2
KW-O-000586,KW-C-00274,KW-SKU-000386,2,54999,2026-04-19T10:50,netbanking,delivered,10,9
KW-O-000587,KW-C-00008,KW-SKU-000409,1,6499,2026-02-14T10:21,card,returned,5,6
KW-O-000588,KW-C-00030,KW-SKU-000069,1,1499,2025-08-28T19:52,cod,delivered,10,
KW-O-000589,KW-C-00318,KW-SKU-000197,1,1499,2025-12-26T16:00,card,returned,2,2
KW-O-000590,KW-C-00279,KW-SKU-000425,1,799,2026-07-04T13:34,card,shipped,10,4
KW-O-000591,KW-C-00229,KW-SKU-000328,1,6499,2026-03-21T12:54,cod,cancelled,2,2
KW-O-000592,KW-C-00166,KW-SKU-000511,1,2999,2025-08-15T14:55,card,delivered,2,2
KW-O-000593,KW-C-00146,KW-SKU-000165,1,6499,2026-04-23T09:54,cod,delivered,5,6
KW-O-000594,KW-C-00083,KW-SKU-000003,2,799,2026-04-26T16:00,cod,delivered,5,14
KW-O-000595,KW-C-00073,KW-SKU-000255,1,299,2025-10-17T02:53,upi,cancelled,7,4
KW-O-000596,KW-C-00117,KW-SKU-000282,1,299,2026-01-22T14:08,cod,delivered,5,6
KW-O-000597,KW-C-00350,KW-SKU-000050,1,299,2026-06-09T05:01,upi,delivered,3,2
KW-O-000598,KW-C-00226,KW-SKU-000591,3,12999,2025-07-17T08:29,card,shipped,3,2
KW-O-000599,KW-C-00323,KW-SKU-000087,1,299,2025-12-26T03:15,cod,shipped,2,
KW-O-000600,KW-C-00204,KW-SKU-000068,1,299,2026-02-24T20:55,cod,delivered,5,2
KW-O-000601,KW-C-00374,KW-SKU-000343,1,2999,2026-07-23T02:12,card,shipped,7,9
KW-O-000602,KW-C-00071,KW-SKU-000530,1,799,2025-06-16T22:54,upi,delivered,5,2
KW-O-000603,KW-C-00331,KW-SKU-000101,1,54999,2026-05-14T13:06,upi,delivered,5,3
KW-O-000604,KW-C-00303,KW-SKU-000182,1,799,2026-01-29T12:18,upi,shipped,5,3
KW-O-000605,KW-C-00257,KW-SKU-000115,1,6499,2026-01-03T08:24,card,shipped,10,9
KW-O-000606,KW-C-00461,KW-SKU-000591,1,799,2026-04-11T13:21,card,shipped,5,3
KW-O-000607,KW-C-00463,KW-SKU-000123,2,299,2025-06-11T19:39,card,delivered,2,3
KW-O-000608,KW-C-00317,KW-SKU-000518,1,6499,2025-07-17T11:39,upi,returned,10,14
KW-O-000609,KW-C-00186,KW-SKU-000304,1,1499,2026-04-16T14:02,upi,returned,10,2
KW-O-000610,KW-C-00338,KW-SKU-000394,1,12999,2025-12-16T10:52,netbanking,returned,7,6
KW-O-000611,KW-C-00355,KW-SKU-000590,1,12999,2026-01-05T12:09,card,shipped,2,1
KW-O-000612,KW-C-00050,KW-SKU-000195,1,12999,2025-08-20T05:51,cod,shipped,5,14
KW-O-000613,KW-C-00392,KW-SKU-000174,2,2999,2026-07-26T20:24,card,delivered,2,3
KW-O-000614,KW-C-00451,KW-SKU-000257,1,24999,2025-09-29T23:33,upi,shipped,3,3
KW-O-000615,KW-C-00071,KW-SKU-000320,1,6499,2025-06-15T03:55,card,delivered,7,1
KW-O-000616,KW-C-00242,KW-SKU-000394,1,1499,2026-05-21T11:50,upi,delivered,10,
KW-O-000617,KW-C-00362,KW-SKU-000404,2,6499,2026-05-04T17:31,card,delivered,7,
KW-O-000618,KW-C-00038,KW-SKU-000040,1,12999,2025-09-19T12:41,card,delivered,2,1
KW-O-000619,KW-C-00426,KW-SKU-000223,1,12999,2025-12-11T15:27,cod,placed,10,
KW-O-000620,KW-C-00145,KW-SKU-000473,2,1499,2025-09-27T17:18,upi,shipped,5,6
KW-O-000621,KW-C-00223,KW-SKU-000544,1,2999,2025-07-27T15:40,upi,delivered,7,4
KW-O-000622,KW-C-00358,KW-SKU-000189,1,799,2026-02-10T04:45,cod,shipped,10,4
KW-O-000623,KW-C-00331,KW-SKU-000196,3,1499,2026-03-30T13:26,wallet,delivered,7,1
KW-O-000624,KW-C-00452,KW-SKU-000040,1,2999,2026-06-13T17:30,upi,cancelled,3,2
KW-O-000625,KW-C-00314,KW-SKU-000376,1,799,2026-07-17T02:20,cod,delivered,10,3
KW-O-000626,KW-C-00333,KW-SKU-000195,1,6499,2025-08-09T04:37,wallet,delivered,5,1
KW-O-000627,KW-C-00437,KW-SKU-000003,1,12999,2026-06-06T21:04,card,delivered,5,6
KW-O-000628,KW-C-00101,KW-SKU-000354,1,24999,2026-04-13T16:11,wallet,delivered,2,4
KW-O-000629,KW-C-00415,KW-SKU-000333,2,12999,2025-06-16T07:05,card,delivered,5,6
KW-O-000630,KW-C-00142,KW-SKU-000175,1,12999,2026-03-13T05:09,upi,delivered,3,4
KW-O-000631,KW-C-00380,KW-SKU-000335,1,12999,2025-07-04T05:24,card,delivered,3,9
KW-O-000632,KW-C-00471,KW-SKU-000101,1,24999,2025-08-31T14:35,upi,delivered,3,14
KW-O-000633,KW-C-00205,KW-SKU-000364,1,299,2025-12-02T12:55,netbanking,delivered,2,6
KW-O-000634,KW-C-00251,KW-SKU-000243,1,1499,2025-07-27T18:33,card,delivered,7,
KW-O-000635,KW-C-00402,KW-SKU-000477,2,299,2026-07-02T13:04,netbanking,shipped,3,4
KW-O-000636,KW-C-00071,KW-SKU-000528,1,799,2025-09-02T09:31,cod,cancelled,10,4
KW-O-000637,KW-C-00483,KW-SKU-000314,1,12999,2026-03-08T19:04,cod,returned,2,2
KW-O-000638,KW-C-00225,KW-SKU-000324,2,24999,2025-10-10T14:34,card,cancelled,3,2
KW-O-000639,KW-C-00156,KW-SKU-000210,1,799,2025-08-14T11:27,cod,returned,10,14
KW-O-000640,KW-C-00498,KW-SKU-000246,1,24999,2025-10-11T04:24,wallet,delivered,10,6
KW-O-000641,KW-C-00013,KW-SKU-000240,2,799,2025-06-27T20:08,upi,placed,7,6
KW-O-000642,KW-C-00366,KW-SKU-000094,1,299,2026-03-23T11:44,card,delivered,5,2
KW-O-000643,KW-C-00012,KW-SKU-000557,1,299,2025-12-20T18:02,card,delivered,7,2
KW-O-000644,KW-C-00324,KW-SKU-000563,1,54999,2026-05-03T04:20,upi,delivered,3,2
KW-O-000645,KW-C-00290,KW-SKU-000587,1,299,2026-01-12T01:27,card,shipped,2,6
KW-O-000646,KW-C-00329,KW-SKU-000318,1,6499,2025-10-31T04:07,card,shipped,5,3
KW-O-000647,KW-C-00022,KW-SKU-000421,1,299,2025-08-27T12:31,cod,delivered,7,1
KW-O-000648,KW-C-00006,KW-SKU-000299,1,799,2025-07-28T08:32,card,delivered,7,6
KW-O-000649,KW-C-00024,KW-SKU-000483,1,1499,2025-09-18T19:14,wallet,shipped,3,9
KW-O-000650,KW-C-00386,KW-SKU-000475,1,799,2026-05-02T03:11,upi,delivered,2,
KW-O-000651,KW-C-00251,KW-SKU-000433,1,54999,2026-05-25T23:20,cod,cancelled,3,
KW-O-000652,KW-C-00336,KW-SKU-000078,1,2999,2026-06-03T07:59,upi,shipped,10,4
KW-O-000653,KW-C-00329,KW-SKU-000164,1,54999,2026-05-27T22:14,card,delivered,2,6
KW-O-000654,KW-C-00174,KW-SKU-000513,1,799,2026-02-10T05:10,upi,delivered,3,6
KW-O-000655,KW-C-00275,KW-SKU-000568,2,299,2025-09-03T12:13,upi,returned,7,6
KW-O-000656,KW-C-00126,KW-SKU-000109,1,54999,2025-07-08T11:35,cod,delivered,10,4
KW-O-000657,KW-C-00392,KW-SKU-000552,1,2999,2025-08-28T17:47,upi,delivered,2,9
KW-O-000658,KW-C-00423,KW-SKU-000313,1,2999,2026-01-10T00:35,upi,delivered,10,9
KW-O-000659,KW-C-00015,KW-SKU-000420,1,12999,2025-12-19T20:19,cod,cancelled,2,3
KW-O-000660,KW-C-00378,KW-SKU-000479,3,799,2025-07-19T17:44,wallet,shipped,10,6
KW-O-000661,KW-C-00028,KW-SKU-000354,1,12999,2025-10-29T18:38,wallet,delivered,5,6
KW-O-000662,KW-C-00479,KW-SKU-000036,1,24999,2026-01-12T17:36,upi,delivered,10,3
KW-O-000663,KW-C-00499,KW-SKU-000108,1,299,2025-09-20T13:29,wallet,delivered,3,1
KW-O-000664,KW-C-00011,KW-SKU-000317,1,799,2026-01-08T16:58,netbanking,delivered,5,14
KW-O-000665,KW-C-00352,KW-SKU-000454,1,54999,2025-08-28T10:27,upi,placed,5,2
KW-O-000666,KW-C-00487,KW-SKU-000318,1,24999,2025-06-25T05:29,upi,delivered,5,6
KW-O-000667,KW-C-00491,KW-SKU-000443,1,6499,2025-10-01T01:20,upi,returned,7,1
KW-O-000668,KW-C-00288,KW-SKU-000561,1,799,2025-12-25T08:39,card,placed,2,
KW-O-000669,KW-C-00398,KW-SKU-000014,1,1499,2026-06-04T11:37,upi,delivered,5,6
KW-O-000670,KW-C-00402,KW-SKU-000029,1,1499,2025-11-28T11:03,upi,delivered,7,
KW-O-000671,KW-C-00307,KW-SKU-000061,1,299,2025-12-23T12:01,card,returned,10,2
KW-O-000672,KW-C-00226,KW-SKU-000512,2,1499,2026-06-02T19:17,card,cancelled,3,6
KW-O-000673,KW-C-00011,KW-SKU-000289,2,799,2026-06-05T04:40,card,returned,3,1
KW-O-000674,KW-C-00261,KW-SKU-000436,1,6499,2025-08-18T19:12,card,delivered,5,9
KW-O-000675,KW-C-00417,KW-SKU-000380,1,799,2026-03-28T17:14,card,delivered,2,
KW-O-000676,KW-C-00011,KW-SKU-000251,1,54999,2025-07-21T13:07,card,delivered,3,9
KW-O-000677,KW-C-00412,KW-SKU-000480,1,12999,2026-03-30T13:33,card,shipped,2,3
KW-O-000678,KW-C-00063,KW-SKU-000074,2,6499,2025-11-13T23:53,card,placed,10,1
KW-O-000679,KW-C-00014,KW-SKU-000388,1,799,2025-09-22T04:20,card,delivered,10,4
KW-O-000680,KW-C-00401,KW-SKU-000033,1,1499,2025-07-18T08:28,card,returned,5,6
KW-O-000681,KW-C-00331,KW-SKU-000434,1,54999,2025-10-12T17:15,upi,returned,5,4
KW-O-000682,KW-C-00342,KW-SKU-000139,1,24999,2025-12-30T14:32,card,delivered,2,9
KW-O-000683,KW-C-00138,KW-SKU-000145,1,799,2026-02-04T00:00,upi,cancelled,5,9
KW-O-000684,KW-C-00224,KW-SKU-000324,1,1499,2025-11-17T05:14,upi,shipped,10,9
KW-O-000685,KW-C-00273,KW-SKU-000109,1,6499,2025-07-23T23:58,netbanking,shipped,3,3
KW-O-000686,KW-C-00177,KW-SKU-000568,1,2999,2025-11-05T17:20,cod,delivered,3,9
KW-O-000687,KW-C-00260,KW-SKU-000530,1,299,2025-10-18T12:01,cod,delivered,2,
KW-O-000688,KW-C-00045,KW-SKU-000599,1,54999,2026-07-07T07:45,cod,delivered,5,3
KW-O-000689,KW-C-00092,KW-SKU-000287,1,54999,2026-03-12T12:59,upi,delivered,5,6
KW-O-000690,KW-C-00135,KW-SKU-000251,1,24999,2026-04-06T16:47,card,placed,7,1
KW-O-000691,KW-C-00290,KW-SKU-000544,2,1499,2026-04-03T14:28,upi,delivered,3,
KW-O-000692,KW-C-00412,KW-SKU-000373,2,54999,2026-03-17T05:19,upi,delivered,10,9
KW-O-000693,KW-C-00334,KW-SKU-000388,1,799,2026-01-18T19:43,card,placed,5,1
KW-O-000694,KW-C-00080,KW-SKU-000369,1,12999,2026-06-05T17:12,wallet,delivered,2,2
KW-O-000695,KW-C-00030,KW-SKU-000587,2,2999,2026-05-10T13:57,card,delivered,5,
KW-O-000696,KW-C-00225,KW-SKU-000577,1,1499,2025-07-01T12:24,upi,returned,2,
KW-O-000697,KW-C-00103,KW-SKU-000127,1,299,2026-01-23T18:56,card,delivered,3,6
KW-O-000698,KW-C-00345,KW-SKU-000520,2,6499,2025-12-15T20:33,netbanking,returned,7,9
KW-O-000699,KW-C-00351,KW-SKU-000248,1,54999,2025-10-05T23:53,upi,delivered,7,6
KW-O-000700,KW-C-00474,KW-SKU-000313,1,12999,2026-02-23T10:47,wallet,delivered,7,2
KW-O-000701,KW-C-00229,KW-SKU-000197,1,54999,2025-10-19T23:33,wallet,delivered,3,
KW-O-000702,KW-C-00270,KW-SKU-000234,1,1499,2025-08-29T01:45,netbanking,delivered,2,3
KW-O-000703,KW-C-00307,KW-SKU-000213,1,1499,2025-11-20T00:46,upi,shipped,7,6
KW-O-000704,KW-C-00392,KW-SKU-000283,3,6499,2025-06-30T23:40,wallet,delivered,5,2
KW-O-000705,KW-C-00083,KW-SKU-000565,1,799,2025-08-09T02:38,netbanking,returned,5,1
KW-O-000706,KW-C-00362,KW-SKU-000134,1,1499,2025-09-20T21:33,card,delivered,5,9
KW-O-000707,KW-C-00086,KW-SKU-000538,3,1499,2026-03-11T06:46,upi,returned,7,
KW-O-000708,KW-C-00406,KW-SKU-000279,1,2999,2026-06-16T09:10,upi,delivered,3,
KW-O-000709,KW-C-00374,KW-SKU-000136,1,2999,2025-11-04T16:35,upi,delivered,10,3
KW-O-000710,KW-C-00422,KW-SKU-000352,1,299,2025-08-08T08:47,card,placed,7,3
KW-O-000711,KW-C-00131,KW-SKU-000198,2,6499,2025-07-29T23:14,netbanking,delivered,7,14
KW-O-000712,KW-C-00110,KW-SKU-000508,1,12999,2026-02-28T23:56,upi,shipped,2,9
KW-O-000713,KW-C-00002,KW-SKU-000573,1,2999,2025-10-26T08:41,card,delivered,2,9
KW-O-000714,KW-C-00243,KW-SKU-000214,2,54999,2025-07-17T13:29,upi,delivered,3,2
KW-O-000715,KW-C-00313,KW-SKU-000487,3,6499,2025-09-16T11:42,netbanking,delivered,10,9
KW-O-000716,KW-C-00457,KW-SKU-000163,1,54999,2025-07-17T12:13,upi,returned,10,1
KW-O-000717,KW-C-00076,KW-SKU-000421,1,299,2026-07-20T12:45,card,placed,3,3
KW-O-000718,KW-C-00287,KW-SKU-000489,1,1499,2025-06-28T17:59,netbanking,shipped,10,6
KW-O-000719,KW-C-00092,KW-SKU-000251,1,12999,2026-03-04T00:42,upi,delivered,3,4
KW-O-000720,KW-C-00038,KW-SKU-000335,2,54999,2025-11-17T06:11,netbanking,shipped,5,
KW-O-000721,KW-C-00101,KW-SKU-000171,1,299,2025-06-30T07:57,cod,cancelled,10,6
KW-O-000722,KW-C-00238,KW-SKU-000344,1,6499,2025-07-29T10:40,card,delivered,2,1
KW-O-000723,KW-C-00262,KW-SKU-000559,1,12999,2026-05-18T00:12,upi,delivered,5,9
KW-O-000724,KW-C-00486,KW-SKU-000005,1,799,2026-02-24T23:20,upi,placed,10,
KW-O-000725,KW-C-00461,KW-SKU-000254,1,6499,2025-10-22T01:25,upi,shipped,3,14
KW-O-000726,KW-C-00053,KW-SKU-000553,2,6499,2026-02-25T18:35,wallet,shipped,5,4
KW-O-000727,KW-C-00391,KW-SKU-000331,2,6499,2026-01-03T09:26,cod,shipped,7,14
KW-O-000728,KW-C-00339,KW-SKU-000198,2,2999,2025-12-26T22:29,cod,cancelled,2,14
KW-O-000729,KW-C-00229,KW-SKU-000262,3,54999,2026-03-27T17:04,upi,delivered,7,9
KW-O-000730,KW-C-00161,KW-SKU-000457,1,799,2026-07-26T06:56,netbanking,shipped,7,14
KW-O-000731,KW-C-00328,KW-SKU-000154,3,6499,2026-05-28T21:42,netbanking,delivered,10,4
KW-O-000732,KW-C-00275,KW-SKU-000324,1,54999,2026-05-22T21:55,card,returned,5,4
KW-O-000733,KW-C-00220,KW-SKU-000272,1,1499,2025-08-31T10:30,cod,delivered,3,
KW-O-000734,KW-C-00138,KW-SKU-000450,1,299,2025-06-18T16:58,upi,delivered,7,9
KW-O-000735,KW-C-00410,KW-SKU-000521,2,12999,2025-07-30T09:41,upi,delivered,7,3
KW-O-000736,KW-C-00426,KW-SKU-000225,1,1499,2025-07-16T08:18,upi,shipped,5,
KW-O-000737,KW-C-00072,KW-SKU-000372,1,54999,2025-09-06T21:08,netbanking,returned,3,4
KW-O-000738,KW-C-00013,KW-SKU-000565,1,54999,2025-06-11T03:35,upi,cancelled,5,2
KW-O-000739,KW-C-00119,KW-SKU-000145,1,1499,2026-03-19T18:01,upi,delivered,2,1
KW-O-000740,KW-C-00401,KW-SKU-000000,2,12999,2026-07-31T12:50,cod,delivered,3,14
KW-O-000741,KW-C-00357,KW-SKU-000210,1,6499,2025-07-13T05:48,card,cancelled,3,14
KW-O-000742,KW-C-00334,KW-SKU-000193,1,12999,2026-02-25T04:49,upi,returned,5,
KW-O-000743,KW-C-00417,KW-SKU-000028,1,299,2026-05-16T01:23,upi,placed,5,14
KW-O-000744,KW-C-00425,KW-SKU-000284,1,2999,2025-08-23T12:19,cod,placed,2,6
KW-O-000745,KW-C-00373,KW-SKU-000499,3,6499,2025-08-08T00:05,card,delivered,2,14
KW-O-000746,KW-C-00257,KW-SKU-000469,1,799,2025-12-09T12:22,cod,cancelled,7,6
KW-O-000747,KW-C-00378,KW-SKU-000332,1,12999,2025-06-12T04:47,cod,delivered,2,3
KW-O-000748,KW-C-00389,KW-SKU-000552,1,6499,2026-01-18T23:45,card,shipped,10,9
KW-O-000749,KW-C-00321,KW-SKU-000065,1,54999,2025-12-06T00:35,card,shipped,5,3
KW-O-000750,KW-C-00324,KW-SKU-000164,1,2999,2025-08-10T04:31,upi,delivered,10,3
KW-O-000751,KW-C-00160,KW-SKU-000576,1,299,2025-09-10T15:47,upi,delivered,3,3
KW-O-000752,KW-C-00148,KW-SKU-000279,2,6499,2025-06-12T14:17,cod,delivered,7,
KW-O-000753,KW-C-00186,KW-SKU-000272,1,54999,2025-08-01T13:51,upi,delivered,2,6
KW-O-000754,KW-C-00213,KW-SKU-000561,1,2999,2026-02-07T13:09,upi,cancelled,7,6
KW-O-000755,KW-C-00225,KW-SKU-000410,1,54999,2026-03-22T05:10,wallet,delivered,5,
KW-O-000756,KW-C-00197,KW-SKU-000410,2,54999,2026-05-09T17:08,netbanking,placed,5,3
KW-O-000757,KW-C-00256,KW-SKU-000350,2,1499,2025-06-13T21:58,upi,delivered,5,3
KW-O-000758,KW-C-00251,KW-SKU-000372,1,54999,2025-08-01T05:15,upi,delivered,10,
KW-O-000759,KW-C-00239,KW-SKU-000369,1,6499,2025-09-26T21:44,card,placed,2,9
KW-O-000760,KW-C-00212,KW-SKU-000174,1,54999,2025-07-08T21:41,cod,delivered,10,14
KW-O-000761,KW-C-00017,KW-SKU-000063,1,54999,2026-01-07T11:06,card,delivered,7,4
KW-O-000762,KW-C-00125,KW-SKU-000166,2,799,2025-07-06T10:36,card,placed,2,4
KW-O-000763,KW-C-00123,KW-SKU-000020,2,799,2025-12-10T01:30,cod,delivered,10,6
KW-O-000764,KW-C-00205,KW-SKU-000362,1,12999,2025-06-24T00:53,upi,delivered,5,3
KW-O-000765,KW-C-00182,KW-SKU-000157,1,799,2026-01-18T06:35,upi,delivered,7,
KW-O-000766,KW-C-00177,KW-SKU-000465,1,2999,2025-12-20T20:21,upi,returned,10,4
KW-O-000767,KW-C-00233,KW-SKU-000091,1,12999,2026-07-02T00:49,upi,delivered,7,14
KW-O-000768,KW-C-00336,KW-SKU-000208,2,12999,2025-12-16T13:40,wallet,delivered,7,6
KW-O-000769,KW-C-00237,KW-SKU-000546,2,12999,2025-07-30T10:03,netbanking,delivered,2,2
KW-O-000770,KW-C-00396,KW-SKU-000442,1,24999,2025-09-01T11:13,netbanking,delivered,7,14
KW-O-000771,KW-C-00303,KW-SKU-000200,1,6499,2025-10-15T22:59,card,delivered,5,2
KW-O-000772,KW-C-00494,KW-SKU-000468,1,54999,2026-06-19T06:38,upi,delivered,2,2
KW-O-000773,KW-C-00067,KW-SKU-000506,2,299,2025-06-10T10:09,upi,returned,5,3
KW-O-000774,KW-C-00096,KW-SKU-000552,3,54999,2025-06-14T09:18,card,cancelled,2,9
KW-O-000775,KW-C-00292,KW-SKU-000042,1,12999,2025-08-04T19:25,wallet,delivered,5,6
KW-O-000776,KW-C-00352,KW-SKU-000187,1,799,2026-04-27T07:47,upi,delivered,3,4
KW-O-000777,KW-C-00347,KW-SKU-000361,1,1499,2025-11-19T03:31,card,delivered,7,3
KW-O-000778,KW-C-00123,KW-SKU-000551,1,6499,2026-02-13T06:45,card,placed,7,9
KW-O-000779,KW-C-00483,KW-SKU-000539,2,799,2026-02-05T18:37,upi,cancelled,2,3
KW-O-000780,KW-C-00270,KW-SKU-000304,1,12999,2026-01-13T06:02,card,delivered,2,4
KW-O-000781,KW-C-00482,KW-SKU-000188,1,54999,2025-12-16T00:47,card,delivered,2,6
KW-O-000782,KW-C-00044,KW-SKU-000024,2,299,2025-11-11T10:29,upi,shipped,10,3
KW-O-000783,KW-C-00346,KW-SKU-000336,1,2999,2025-12-07T09:04,netbanking,shipped,7,
KW-O-000784,KW-C-00250,KW-SKU-000446,1,6499,2025-11-25T17:30,upi,placed,3,
KW-O-000785,KW-C-00243,KW-SKU-000230,1,6499,2026-03-11T15:21,upi,shipped,7,2
KW-O-000786,KW-C-00465,KW-SKU-000398,1,799,2025-10-24T23:18,upi,delivered,10,4
KW-O-000787,KW-C-00310,KW-SKU-000272,1,299,2025-09-14T10:27,cod,returned,5,1
KW-O-000788,KW-C-00106,KW-SKU-000260,2,2999,2025-08-22T15:59,upi,delivered,7,3
KW-O-000789,KW-C-00316,KW-SKU-000552,3,12999,2026-06-09T09:57,upi,cancelled,7,
KW-O-000790,KW-C-00110,KW-SKU-000578,1,1499,2025-11-01T03:10,upi,delivered,2,4
KW-O-000791,KW-C-00470,KW-SKU-000114,1,799,2026-05-22T20:09,card,delivered,10,4
KW-O-000792,KW-C-00161,KW-SKU-000473,1,799,2026-03-16T00:56,netbanking,delivered,2,2
KW-O-000793,KW-C-00481,KW-SKU-000191,3,299,2026-04-30T16:52,cod,delivered,5,2
KW-O-000794,KW-C-00001,KW-SKU-000282,2,2999,2025-07-12T23:51,upi,cancelled,7,6
KW-O-000795,KW-C-00128,KW-SKU-000215,2,24999,2026-01-18T16:52,upi,delivered,3,1
KW-O-000796,KW-C-00237,KW-SKU-000153,1,54999,2025-07-21T03:53,upi,delivered,5,3
KW-O-000797,KW-C-00260,KW-SKU-000048,2,54999,2026-06-01T01:51,cod,delivered,7,2
KW-O-000798,KW-C-00308,KW-SKU-000223,1,12999,2025-07-21T03:57,card,placed,10,1
KW-O-000799,KW-C-00340,KW-SKU-000433,1,1499,2025-07-23T23:25,upi,delivered,7,
KW-O-000800,KW-C-00452,KW-SKU-000338,1,12999,2026-05-19T18:00,upi,shipped,3,6
KW-O-000801,KW-C-00334,KW-SKU-000028,1,6499,2026-06-01T15:01,cod,delivered,3,3
KW-O-000802,KW-C-00419,KW-SKU-000387,1,24999,2026-01-16T07:51,cod,delivered,2,9
KW-O-000803,KW-C-00383,KW-SKU-000420,1,12999,2026-01-23T19:38,card,delivered,3,9
KW-O-000804,KW-C-00418,KW-SKU-000527,1,54999,2025-07-30T04:19,upi,delivered,5,9
KW-O-000805,KW-C-00167,KW-SKU-000421,1,2999,2026-04-20T13:54,wallet,delivered,5,3
KW-O-000806,KW-C-00291,KW-SKU-000404,1,6499,2025-10-27T00:01,upi,shipped,10,3
KW-O-000807,KW-C-00497,KW-SKU-000130,1,6499,2025-10-28T07:13,upi,delivered,10,9
KW-O-000808,KW-C-00232,KW-SKU-000133,1,24999,2025-11-08T03:14,upi,delivered,5,3
KW-O-000809,KW-C-00157,KW-SKU-000219,1,54999,2026-05-07T02:08,card,placed,7,3
KW-O-000810,KW-C-00302,KW-SKU-000572,1,299,2025-10-24T08:38,upi,shipped,3,6
KW-O-000811,KW-C-00310,KW-SKU-000156,1,12999,2025-11-02T02:26,card,delivered,5,14
KW-O-000812,KW-C-00285,KW-SKU-000266,1,24999,2025-09-18T17:54,upi,delivered,5,4
KW-O-000813,KW-C-00471,KW-SKU-000558,1,2999,2025-07-19T15:44,upi,delivered,7,14
KW-O-000814,KW-C-00351,KW-SKU-000024,1,54999,2026-05-29T01:00,upi,delivered,7,14
KW-O-000815,KW-C-00193,KW-SKU-000316,1,2999,2026-04-07T22:52,upi,delivered,2,6
KW-O-000816,KW-C-00265,KW-SKU-000418,1,12999,2025-11-17T18:25,cod,placed,5,9
KW-O-000817,KW-C-00171,KW-SKU-000437,1,54999,2025-10-25T18:45,cod,delivered,10,3
KW-O-000818,KW-C-00413,KW-SKU-000146,1,1499,2025-11-18T01:00,upi,delivered,5,14
KW-O-000819,KW-C-00419,KW-SKU-000169,1,299,2026-08-01T00:52,wallet,delivered,3,4
KW-O-000820,KW-C-00129,KW-SKU-000257,2,24999,2025-12-11T12:52,upi,shipped,5,2
KW-O-000821,KW-C-00306,KW-SKU-000395,1,299,2026-01-25T01:00,netbanking,cancelled,7,3
KW-O-000822,KW-C-00416,KW-SKU-000562,1,54999,2026-07-02T09:49,netbanking,delivered,3,6
KW-O-000823,KW-C-00309,KW-SKU-000260,2,2999,2025-12-19T00:09,wallet,delivered,10,9
KW-O-000824,KW-C-00266,KW-SKU-000437,1,12999,2025-08-11T03:24,upi,shipped,5,6
KW-O-000825,KW-C-00435,KW-SKU-000574,3,2999,2025-07-13T22:04,wallet,delivered,2,4
KW-O-000826,KW-C-00062,KW-SKU-000404,1,2999,2025-06-28T20:36,card,delivered,2,3
KW-O-000827,KW-C-00252,KW-SKU-000505,1,2999,2025-11-12T10:20,upi,delivered,2,2
KW-O-000828,KW-C-00081,KW-SKU-000028,1,2999,2025-10-07T21:43,card,delivered,3,1
KW-O-000829,KW-C-00321,KW-SKU-000156,1,799,2025-06-11T23:03,upi,shipped,3,4
KW-O-000830,KW-C-00326,KW-SKU-000222,1,6499,2026-04-10T03:55,wallet,delivered,3,2
KW-O-000831,KW-C-00248,KW-SKU-000046,1,799,2025-10-15T20:01,upi,cancelled,7,3
KW-O-000832,KW-C-00426,KW-SKU-000115,1,12999,2025-07-04T12:46,upi,cancelled,3,2
KW-O-000833,KW-C-00248,KW-SKU-000327,1,299,2026-05-27T22:46,card,placed,2,2
KW-O-000834,KW-C-00192,KW-SKU-000350,2,2999,2026-06-01T22:20,cod,shipped,5,6
KW-O-000835,KW-C-00122,KW-SKU-000263,3,54999,2026-07-23T17:26,card,cancelled,5,6
KW-O-000836,KW-C-00155,KW-SKU-000445,1,799,2026-06-25T03:42,upi,delivered,10,
KW-O-000837,KW-C-00068,KW-SKU-000494,1,1499,2025-06-15T18:13,cod,cancelled,2,1
KW-O-000838,KW-C-00336,KW-SKU-000532,1,2999,2025-12-08T18:44,card,delivered,2,3
KW-O-000839,KW-C-00085,KW-SKU-000115,1,299,2025-11-13T12:31,card,cancelled,3,3
KW-O-000840,KW-C-00357,KW-SKU-000077,1,1499,2025-12-30T10:31,wallet,delivered,3,
KW-O-000841,KW-C-00082,KW-SKU-000369,1,299,2026-04-01T22:22,cod,shipped,2,2
KW-O-000842,KW-C-00239,KW-SKU-000577,1,6499,2026-05-12T12:48,card,returned,3,3
KW-O-000843,KW-C-00252,KW-SKU-000027,1,799,2026-04-03T09:46,upi,delivered,2,14
KW-O-000844,KW-C-00406,KW-SKU-000549,1,1499,2026-06-06T02:23,netbanking,placed,5,2
KW-O-000845,KW-C-00096,KW-SKU-000519,1,6499,2026-02-21T02:17,wallet,delivered,3,1
KW-O-000846,KW-C-00087,KW-SKU-000041,1,6499,2025-10-17T21:48,card,delivered,5,4
KW-O-000847,KW-C-00144,KW-SKU-000012,1,2999,2025-06-25T08:39,card,delivered,2,1
KW-O-000848,KW-C-00014,KW-SKU-000458,1,12999,2026-02-28T13:43,card,delivered,5,3
KW-O-000849,KW-C-00211,KW-SKU-000501,1,2999,2026-01-19T13:36,cod,delivered,7,
KW-O-000850,KW-C-00025,KW-SKU-000007,1,2999,2026-06-24T15:06,netbanking,delivered,7,6
KW-O-000851,KW-C-00425,KW-SKU-000041,1,2999,2026-01-21T19:42,upi,delivered,2,2
KW-O-000852,KW-C-00462,KW-SKU-000167,1,54999,2026-06-28T20:00,upi,returned,3,3
KW-O-000853,KW-C-00289,KW-SKU-000026,1,2999,2025-10-30T22:21,card,delivered,2,3
KW-O-000854,KW-C-00423,KW-SKU-000197,1,24999,2025-07-26T11:20,cod,cancelled,10,1
KW-O-000855,KW-C-00453,KW-SKU-000040,1,1499,2025-08-03T01:44,upi,delivered,2,2
KW-O-000856,KW-C-00326,KW-SKU-000279,2,54999,2026-06-06T16:58,cod,delivered,7,1
KW-O-000857,KW-C-00139,KW-SKU-000553,1,54999,2026-04-08T12:45,upi,cancelled,10,14
KW-O-000858,KW-C-00322,KW-SKU-000091,1,6499,2025-11-06T00:35,cod,delivered,10,1
KW-O-000859,KW-C-00324,KW-SKU-000304,1,799,2026-02-01T12:46,netbanking,delivered,10,2
KW-O-000860,KW-C-00467,KW-SKU-000127,1,6499,2025-07-25T20:58,cod,delivered,7,
KW-O-000861,KW-C-00237,KW-SKU-000449,1,799,2026-04-15T17:00,upi,delivered,5,14
KW-O-000862,KW-C-00049,KW-SKU-000495,1,1499,2025-06-29T21:21,cod,delivered,5,9
KW-O-000863,KW-C-00477,KW-SKU-000494,2,54999,2025-08-04T16:59,wallet,placed,3,4
KW-O-000864,KW-C-00128,KW-SKU-000358,3,6499,2025-06-10T15:13,upi,cancelled,7,
KW-O-000865,KW-C-00165,KW-SKU-000194,1,299,2025-09-20T23:56,upi,delivered,10,3
KW-O-000866,KW-C-00137,KW-SKU-000536,1,54999,2026-07-25T16:20,cod,delivered,10,
KW-O-000867,KW-C-00234,KW-SKU-000175,1,2999,2025-10-21T00:44,card,delivered,7,1
KW-O-000868,KW-C-00358,KW-SKU-000261,1,2999,2025-10-12T07:09,upi,delivered,7,4
KW-O-000869,KW-C-00157,KW-SKU-000393,1,6499,2026-07-22T21:06,card,delivered,3,4
KW-O-000870,KW-C-00370,KW-SKU-000402,1,12999,2026-02-10T05:21,card,delivered,2,14
KW-O-000871,KW-C-00207,KW-SKU-000170,1,1499,2026-05-25T23:41,upi,delivered,3,4
KW-O-000872,KW-C-00458,KW-SKU-000003,2,1499,2026-02-04T12:12,card,shipped,7,4
KW-O-000873,KW-C-00138,KW-SKU-000060,1,1499,2025-12-15T07:50,card,delivered,3,6
KW-O-000874,KW-C-00090,KW-SKU-000425,1,1499,2026-03-01T01:51,cod,delivered,7,3
KW-O-000875,KW-C-00099,KW-SKU-000373,1,6499,2025-11-23T00:57,card,delivered,2,6
KW-O-000876,KW-C-00138,KW-SKU-000297,2,799,2025-11-12T08:23,card,delivered,5,6
KW-O-000877,KW-C-00290,KW-SKU-000340,1,6499,2026-01-20T23:26,card,delivered,10,6
KW-O-000878,KW-C-00438,KW-SKU-000307,1,799,2025-10-24T21:34,cod,placed,10,2
KW-O-000879,KW-C-00465,KW-SKU-000417,1,54999,2025-09-10T22:11,upi,shipped,5,14
KW-O-000880,KW-C-00091,KW-SKU-000513,3,1499,2026-01-17T06:48,card,delivered,5,4
KW-O-000881,KW-C-00451,KW-SKU-000507,1,799,2026-07-22T17:27,upi,cancelled,2,
KW-O-000882,KW-C-00414,KW-SKU-000122,1,799,2026-02-07T21:14,cod,delivered,5,
KW-O-000883,KW-C-00469,KW-SKU-000240,1,54999,2025-10-23T04:23,cod,delivered,5,9
KW-O-000884,KW-C-00039,KW-SKU-000026,1,799,2025-11-07T01:19,card,delivered,5,4
KW-O-000885,KW-C-00273,KW-SKU-000393,2,6499,2026-06-13T23:02,card,placed,2,6
KW-O-000886,KW-C-00006,KW-SKU-000435,1,24999,2026-04-26T07:22,card,placed,10,14
KW-O-000887,KW-C-00383,KW-SKU-000456,2,799,2025-12-12T14:38,cod,shipped,2,
KW-O-000888,KW-C-00197,KW-SKU-000346,1,799,2025-07-06T02:14,cod,delivered,2,9
KW-O-000889,KW-C-00052,KW-SKU-000110,2,12999,2025-06-14T08:33,card,delivered,3,2
KW-O-000890,KW-C-00022,KW-SKU-000001,2,299,2026-04-25T23:01,card,returned,3,14
KW-O-000891,KW-C-00492,KW-SKU-000232,1,799,2026-07-09T14:53,cod,placed,7,2
KW-O-000892,KW-C-00382,KW-SKU-000561,1,12999,2025-12-29T15:24,card,delivered,7,14
KW-O-000893,KW-C-00258,KW-SKU-000267,1,299,2026-05-24T23:10,upi,delivered,5,6
KW-O-000894,KW-C-00131,KW-SKU-000401,1,54999,2025-09-21T07:57,card,delivered,3,14
KW-O-000895,KW-C-00367,KW-SKU-000362,1,1499,2025-07-29T23:34,upi,returned,5,6
KW-O-000896,KW-C-00499,KW-SKU-000331,1,24999,2026-05-28T07:18,card,delivered,7,3
KW-O-000897,KW-C-00014,KW-SKU-000348,1,54999,2025-12-02T17:27,upi,delivered,10,4
KW-O-000898,KW-C-00227,KW-SKU-000444,1,6499,2026-04-06T06:14,wallet,shipped,5,4
KW-O-000899,KW-C-00373,KW-SKU-000548,1,299,2026-01-05T02:31,wallet,delivered,3,1
KW-O-000900,KW-C-00174,KW-SKU-000444,1,1499,2025-12-07T23:28,upi,delivered,7,14
KW-O-000901,KW-C-00366,KW-SKU-000015,2,24999,2026-05-03T21:32,card,delivered,7,14
KW-O-000902,KW-C-00464,KW-SKU-000497,1,799,2025-06-20T15:36,cod,shipped,2,6
KW-O-000903,KW-C-00199,KW-SKU-000169,1,24999,2025-09-15T23:37,upi,delivered,2,1
KW-O-000904,KW-C-00437,KW-SKU-000284,1,6499,2025-09-16T20:35,card,delivered,10,4
KW-O-000905,KW-C-00207,KW-SKU-000382,1,1499,2026-02-12T04:59,cod,delivered,7,
KW-O-000906,KW-C-00019,KW-SKU-000457,1,24999,2026-02-19T08:31,cod,returned,5,
KW-O-000907,KW-C-00248,KW-SKU-000258,1,12999,2025-11-27T23:30,wallet,delivered,5,2
KW-O-000908,KW-C-00087,KW-SKU-000338,2,6499,2025-10-17T18:40,upi,delivered,2,2
KW-O-000909,KW-C-00412,KW-SKU-000332,1,1499,2026-06-24T08:19,cod,delivered,3,6
KW-O-000910,KW-C-00167,KW-SKU-000165,1,24999,2026-05-05T21:27,upi,delivered,10,1
KW-O-000911,KW-C-00030,KW-SKU-000229,1,12999,2025-09-25T19:58,card,delivered,2,6
KW-O-000912,KW-C-00175,KW-SKU-000584,1,1499,2025-08-16T00:41,card,delivered,5,
KW-O-000913,KW-C-00113,KW-SKU-000556,1,2999,2026-02-11T01:16,upi,delivered,7,14
KW-O-000914,KW-C-00170,KW-SKU-000164,1,24999,2025-12-16T17:40,card,shipped,7,3
KW-O-000915,KW-C-00138,KW-SKU-000060,1,1499,2025-06-24T06:44,card,delivered,3,6
KW-O-000916,KW-C-00039,KW-SKU-000070,1,54999,2026-04-19T23:31,upi,shipped,3,3
KW-O-000917,KW-C-00461,KW-SKU-000357,3,2999,2026-03-31T09:24,upi,delivered,2,6
KW-O-000918,KW-C-00364,KW-SKU-000067,1,24999,2025-08-25T22:03,card,delivered,3,1
KW-O-000919,KW-C-00417,KW-SKU-000382,1,799,2026-07-04T07:29,upi,delivered,7,14
KW-O-000920,KW-C-00340,KW-SKU-000185,1,2999,2025-07-19T11:45,card,delivered,10,1
KW-O-000921,KW-C-00350,KW-SKU-000068,1,2999,2025-10-08T08:46,cod,delivered,7,
KW-O-000922,KW-C-00400,KW-SKU-000474,1,24999,2026-05-28T20:52,upi,returned,7,6
KW-O-000923,KW-C-00178,KW-SKU-000305,1,299,2026-03-11T17:27,card,cancelled,10,2
KW-O-000924,KW-C-00412,KW-SKU-000256,1,799,2026-02-19T07:59,card,placed,7,4
KW-O-000925,KW-C-00190,KW-SKU-000210,1,299,2026-02-07T03:31,upi,delivered,3,4
KW-O-000926,KW-C-00096,KW-SKU-000084,1,799,2025-12-18T03:48,upi,delivered,5,9
KW-O-000927,KW-C-00237,KW-SKU-000023,1,6499,2025-06-29T12:07,card,shipped,7,1
KW-O-000928,KW-C-00225,KW-SKU-000288,1,12999,2026-04-02T19:22,upi,shipped,5,6
KW-O-000929,KW-C-00244,KW-SKU-000447,1,24999,2026-07-06T05:00,netbanking,delivered,3,6
KW-O-000930,KW-C-00232,KW-SKU-000592,1,299,2025-09-20T20:40,card,delivered,7,9
KW-O-000931,KW-C-00470,KW-SKU-000172,1,299,2026-06-13T15:18,card,delivered,5,4
KW-O-000932,KW-C-00236,KW-SKU-000114,1,1499,2026-05-25T23:15,upi,delivered,10,2
KW-O-000933,KW-C-00425,KW-SKU-000366,3,24999,2026-01-26T12:18,upi,delivered,10,2
KW-O-000934,KW-C-00160,KW-SKU-000403,1,6499,2026-01-07T23:34,netbanking,delivered,5,3
KW-O-000935,KW-C-00422,KW-SKU-000598,1,6499,2025-12-09T10:25,card,delivered,5,3
KW-O-000936,KW-C-00192,KW-SKU-000507,1,12999,2026-07-21T04:17,card,cancelled,2,
KW-O-000937,KW-C-00306,KW-SKU-000354,1,799,2026-06-21T11:14,cod,delivered,7,1
KW-O-000938,KW-C-00216,KW-SKU-000501,1,12999,2025-12-01T20:44,cod,delivered,10,1
KW-O-000939,KW-C-00408,KW-SKU-000317,1,54999,2025-07-21T21:04,upi,delivered,7,4
KW-O-000940,KW-C-00358,KW-SKU-000433,1,2999,2026-01-02T23:21,card,shipped,5,1
KW-O-000941,KW-C-00300,KW-SKU-000130,2,799,2026-06-20T21:26,upi,delivered,7,9
KW-O-000942,KW-C-00249,KW-SKU-000353,1,1499,2025-10-23T05:35,wallet,delivered,3,3
KW-O-000943,KW-C-00250,KW-SKU-000514,1,799,2026-04-13T18:19,netbanking,delivered,7,14
KW-O-000944,KW-C-00478,KW-SKU-000520,1,12999,2026-07-17T02:25,wallet,shipped,5,9
KW-O-000945,KW-C-00346,KW-SKU-000426,1,24999,2026-04-26T09:33,upi,returned,5,1
KW-O-000946,KW-C-00215,KW-SKU-000244,1,24999,2025-12-10T09:51,upi,delivered,5,9
KW-O-000947,KW-C-00356,KW-SKU-000423,1,799,2025-09-08T03:07,card,delivered,7,4
KW-O-000948,KW-C-00067,KW-SKU-000267,2,799,2025-10-30T21:44,upi,delivered,10,14
KW-O-000949,KW-C-00303,KW-SKU-000131,1,1499,2025-07-29T16:58,upi,delivered,10,
KW-O-000950,KW-C-00285,KW-SKU-000397,1,6499,2026-02-04T15:03,upi,delivered,10,14
KW-O-000951,KW-C-00043,KW-SKU-000585,1,2999,2025-11-08T07:39,card,shipped,2,6
KW-O-000952,KW-C-00199,KW-SKU-000584,2,1499,2025-11-13T11:58,card,delivered,10,2
KW-O-000953,KW-C-00128,KW-SKU-000136,1,799,2026-05-01T02:50,card,delivered,10,1
KW-O-000954,KW-C-00249,KW-SKU-000399,1,799,2025-09-01T06:39,wallet,shipped,10,14
KW-O-000955,KW-C-00238,KW-SKU-000017,2,12999,2025-12-13T16:12,upi,delivered,7,1
KW-O-000956,KW-C-00403,KW-SKU-000153,1,299,2026-04-29T15:30,upi,delivered,7,4
KW-O-000957,KW-C-00251,KW-SKU-000465,1,6499,2026-03-08T09:23,card,delivered,5,2
KW-O-000958,KW-C-00409,KW-SKU-000305,2,299,2025-06-08T19:48,card,delivered,7,4
KW-O-000959,KW-C-00111,KW-SKU-000130,1,1499,2025-06-21T17:14,wallet,delivered,7,4
KW-O-000960,KW-C-00065,KW-SKU-000234,1,24999,2026-02-14T17:08,card,delivered,3,1
KW-O-000961,KW-C-00427,KW-SKU-000553,1,24999,2025-12-12T23:46,cod,delivered,10,9
KW-O-000962,KW-C-00341,KW-SKU-000422,3,799,2026-07-05T01:36,upi,shipped,2,2
KW-O-000963,KW-C-00335,KW-SKU-000167,1,799,2025-08-19T07:11,upi,delivered,2,4
KW-O-000964,KW-C-00217,KW-SKU-000394,1,24999,2026-04-07T07:29,upi,returned,5,
KW-O-000965,KW-C-00259,KW-SKU-000075,1,1499,2025-10-21T10:43,upi,cancelled,10,6
KW-O-000966,KW-C-00005,KW-SKU-000197,1,54999,2026-02-23T13:50,upi,delivered,10,6
KW-O-000967,KW-C-00426,KW-SKU-000230,1,2999,2025-07-01T08:23,upi,delivered,2,4
KW-O-000968,KW-C-00363,KW-SKU-000256,1,1499,2025-10-06T00:00,cod,delivered,5,14
KW-O-000969,KW-C-00425,KW-SKU-000100,1,12999,2026-05-24T03:57,card,delivered,3,1
KW-O-000970,KW-C-00206,KW-SKU-000513,1,299,2026-03-21T02:31,upi,placed,7,9
KW-O-000971,KW-C-00145,KW-SKU-000299,1,799,2025-10-03T06:03,upi,shipped,10,4
KW-O-000972,KW-C-00257,KW-SKU-000173,2,799,2026-07-06T16:48,upi,delivered,7,
KW-O-000973,KW-C-00211,KW-SKU-000274,1,2999,2026-06-28T03:15,upi,shipped,5,
KW-O-000974,KW-C-00429,KW-SKU-000354,1,1499,2026-04-24T21:13,netbanking,delivered,7,2
KW-O-000975,KW-C-00336,KW-SKU-000275,1,299,2026-02-16T23:26,cod,returned,10,6
KW-O-000976,KW-C-00297,KW-SKU-000303,1,6499,2025-12-29T01:44,wallet,delivered,7,14
KW-O-000977,KW-C-00039,KW-SKU-000243,2,24999,2026-04-10T05:58,upi,delivered,2,2
KW-O-000978,KW-C-00304,KW-SKU-000354,1,54999,2026-03-19T19:46,upi,shipped,3,9
KW-O-000979,KW-C-00196,KW-SKU-000015,2,6499,2025-10-31T14:35,card,delivered,2,14
KW-O-000980,KW-C-00054,KW-SKU-000575,1,2999,2026-03-31T18:03,upi,delivered,7,1
KW-O-000981,KW-C-00069,KW-SKU-000000,1,299,2026-05-13T20:16,cod,cancelled,3,2
KW-O-000982,KW-C-00080,KW-SKU-000011,1,24999,2025-07-29T04:13,upi,delivered,3,
KW-O-000983,KW-C-00483,KW-SKU-000017,1,54999,2025-10-12T16:09,card,delivered,10,4
KW-O-000984,KW-C-00185,KW-SKU-000430,1,54999,2026-03-25T21:45,upi,delivered,2,9
KW-O-000985,KW-C-00337,KW-SKU-000333,1,6499,2026-04-18T10:31,cod,cancelled,10,14
KW-O-000986,KW-C-00244,KW-SKU-000034,1,24999,2026-06-22T06:49,cod,shipped,3,2
KW-O-000987,KW-C-00128,KW-SKU-000005,1,12999,2026-04-08T05:10,card,delivered,10,
KW-O-000988,KW-C-00367,KW-SKU-000051,1,24999,2025-12-11T15:11,upi,placed,3,9
KW-O-000989,KW-C-00048,KW-SKU-000139,3,1499,2025-11-19T07:24,upi,cancelled,3,9
KW-O-000990,KW-C-00253,KW-SKU-000520,2,299,2026-01-04T17:43,upi,delivered,5,1
KW-O-000991,KW-C-00399,KW-SKU-000300,1,12999,2025-08-16T18:20,upi,delivered,2,1
KW-O-000992,KW-C-00036,KW-SKU-000593,1,299,2025-06-27T05:45,upi,delivered,5,6
KW-O-000993,KW-C-00225,KW-SKU-000237,1,54999,2026-04-08T05:30,card,cancelled,10,4
KW-O-000994,KW-C-00283,KW-SKU-000282,1,799,2025-07-02T13:35,upi,delivered,10,14
KW-O-000995,KW-C-00034,KW-SKU-000536,1,799,2026-06-29T00:52,card,placed,5,3
KW-O-000996,KW-C-00335,KW-SKU-000179,1,799,2025-12-20T23:28,card,returned,10,1
KW-O-000997,KW-C-00386,KW-SKU-000361,1,299,2025-11-06T20:38,upi,shipped,10,6
KW-O-000998,KW-C-00422,KW-SKU-000185,1,54999,2025-07-26T08:24,upi,delivered,10,1
KW-O-000999,KW-C-00389,KW-SKU-000142,1,54999,2025-12-01T16:14,upi,returned,7,14
KW-O-001000,KW-C-00323,KW-SKU-000396,2,12999,2025-07-05T13:11,cod,delivered,3,6
KW-O-001001,KW-C-00331,KW-SKU-000217,1,54999,2025-06-20T08:13,upi,delivered,5,6
KW-O-001002,KW-C-00010,KW-SKU-000540,1,2999,2025-11-05T09:20,upi,shipped,10,4
KW-O-001003,KW-C-00361,KW-SKU-000008,1,24999,2026-05-21T03:01,card,shipped,2,
KW-O-001004,KW-C-00178,KW-SKU-000316,1,12999,2025-09-10T10:51,card,delivered,2,2
KW-O-001005,KW-C-00260,KW-SKU-000424,1,54999,2026-06-07T08:38,cod,delivered,7,
KW-O-001006,KW-C-00303,KW-SKU-000139,3,1499,2025-08-01T21:24,wallet,cancelled,2,3
KW-O-001007,KW-C-00496,KW-SKU-000454,1,54999,2026-07-24T13:19,card,delivered,10,3
KW-O-001008,KW-C-00347,KW-SKU-000013,1,299,2025-12-09T09:52,upi,delivered,7,2
KW-O-001009,KW-C-00136,KW-SKU-000483,1,1499,2025-10-17T05:19,upi,delivered,7,2
KW-O-001010,KW-C-00472,KW-SKU-000414,1,24999,2025-11-01T10:36,upi,delivered,5,2
KW-O-001011,KW-C-00161,KW-SKU-000234,1,1499,2026-02-02T12:26,upi,delivered,5,3
KW-O-001012,KW-C-00071,KW-SKU-000429,1,299,2026-02-13T08:44,wallet,delivered,5,2
KW-O-001013,KW-C-00419,KW-SKU-000114,1,24999,2025-08-26T09:32,upi,delivered,3,9
KW-O-001014,KW-C-00163,KW-SKU-000470,1,24999,2025-08-04T07:02,upi,placed,5,1
KW-O-001015,KW-C-00384,KW-SKU-000544,1,2999,2026-04-24T17:04,upi,shipped,2,4
KW-O-001016,KW-C-00222,KW-SKU-000331,1,1499,2025-12-25T16:24,wallet,delivered,7,1
KW-O-001017,KW-C-00471,KW-SKU-000306,1,12999,2025-12-17T11:41,upi,delivered,3,3
KW-O-001018,KW-C-00153,KW-SKU-000368,1,12999,2025-12-14T01:24,upi,delivered,5,9
KW-O-001019,KW-C-00436,KW-SKU-000543,2,1499,2026-06-07T19:55,upi,delivered,2,4
KW-O-001020,KW-C-00492,KW-SKU-000275,3,1499,2025-10-14T10:58,upi,delivered,10,14
KW-O-001021,KW-C-00366,KW-SKU-000523,2,24999,2025-10-10T04:45,upi,delivered,5,
KW-O-001022,KW-C-00370,KW-SKU-000184,3,2999,2026-04-28T00:27,upi,placed,10,9
KW-O-001023,KW-C-00240,KW-SKU-000573,1,1499,2026-01-10T03:58,upi,shipped,3,2
KW-O-001024,KW-C-00091,KW-SKU-000585,3,799,2025-10-05T18:43,wallet,delivered,3,4
KW-O-001025,KW-C-00261,KW-SKU-000000,2,24999,2025-09-23T17:25,card,delivered,10,6
KW-O-001026,KW-C-00466,KW-SKU-000513,1,12999,2025-08-20T00:04,upi,placed,10,3
KW-O-001027,KW-C-00275,KW-SKU-000542,2,2999,2026-02-09T14:29,card,delivered,2,4
KW-O-001028,KW-C-00205,KW-SKU-000230,1,1499,2026-03-04T00:27,upi,delivered,3,9
KW-O-001029,KW-C-00445,KW-SKU-000009,1,54999,2026-01-28T12:56,upi,delivered,7,9
KW-O-001030,KW-C-00051,KW-SKU-000436,2,24999,2026-05-17T11:39,upi,shipped,3,9
KW-O-001031,KW-C-00268,KW-SKU-000427,1,24999,2025-07-23T17:33,cod,delivered,5,4
KW-O-001032,KW-C-00224,KW-SKU-000395,1,1499,2026-01-24T21:10,card,delivered,5,
KW-O-001033,KW-C-00266,KW-SKU-000296,1,2999,2025-10-22T22:15,upi,placed,3,4
KW-O-001034,KW-C-00436,KW-SKU-000567,1,299,2025-06-20T03:34,card,shipped,7,3
KW-O-001035,KW-C-00393,KW-SKU-000014,1,2999,2026-07-11T17:26,wallet,delivered,10,1
KW-O-001036,KW-C-00422,KW-SKU-000290,1,54999,2026-07-12T19:51,card,shipped,2,14
KW-O-001037,KW-C-00130,KW-SKU-000227,2,299,2025-12-10T10:23,card,shipped,2,14
KW-O-001038,KW-C-00120,KW-SKU-000384,1,1499,2026-04-23T10:08,upi,delivered,5,6
KW-O-001039,KW-C-00148,KW-SKU-000002,1,12999,2025-08-02T14:05,upi,cancelled,7,3
KW-O-001040,KW-C-00458,KW-SKU-000588,1,799,2025-10-11T20:34,upi,delivered,10,14
KW-O-001041,KW-C-00018,KW-SKU-000391,1,24999,2025-08-08T08:33,wallet,delivered,2,3
KW-O-001042,KW-C-00456,KW-SKU-000006,1,299,2026-04-05T21:10,upi,delivered,10,9
KW-O-001043,KW-C-00261,KW-SKU-000108,2,24999,2025-11-09T03:19,cod,shipped,5,6
KW-O-001044,KW-C-00493,KW-SKU-000024,1,54999,2025-08-02T18:12,upi,delivered,7,4
KW-O-001045,KW-C-00465,KW-SKU-000077,1,299,2025-09-29T22:37,cod,cancelled,5,3
KW-O-001046,KW-C-00396,KW-SKU-000537,1,12999,2025-11-18T14:53,card,delivered,2,
KW-O-001047,KW-C-00409,KW-SKU-000069,1,299,2025-08-05T14:40,wallet,delivered,10,9
KW-O-001048,KW-C-00086,KW-SKU-000249,1,299,2025-06-25T23:59,netbanking,delivered,2,14
KW-O-001049,KW-C-00227,KW-SKU-000096,1,12999,2026-05-10T06:08,card,delivered,3,2
KW-O-001050,KW-C-00391,KW-SKU-000082,1,12999,2026-06-30T10:31,upi,delivered,2,3
KW-O-001051,KW-C-00149,KW-SKU-000592,1,299,2025-10-14T04:22,cod,shipped,10,2
KW-O-001052,KW-C-00402,KW-SKU-000185,1,12999,2026-03-11T07:20,card,cancelled,7,1
KW-O-001053,KW-C-00497,KW-SKU-000161,1,24999,2025-09-08T17:39,card,returned,5,1
KW-O-001054,KW-C-00377,KW-SKU-000233,3,1499,2026-06-13T01:08,card,cancelled,2,4
KW-O-001055,KW-C-00122,KW-SKU-000055,1,1499,2026-01-22T18:39,upi,delivered,3,
KW-O-001056,KW-C-00307,KW-SKU-000406,2,2999,2025-12-19T00:34,upi,delivered,5,6
KW-O-001057,KW-C-00388,KW-SKU-000237,1,24999,2025-07-14T02:13,upi,shipped,10,6
KW-O-001058,KW-C-00431,KW-SKU-000575,1,299,2025-10-05T06:28,card,returned,10,14
KW-O-001059,KW-C-00420,KW-SKU-000098,1,24999,2025-12-22T04:12,upi,delivered,10,1
KW-O-001060,KW-C-00163,KW-SKU-000020,1,299,2026-07-12T15:40,wallet,delivered,10,
KW-O-001061,KW-C-00171,KW-SKU-000598,1,12999,2025-08-28T13:23,card,shipped,3,
KW-O-001062,KW-C-00087,KW-SKU-000107,1,299,2026-06-21T14:12,upi,delivered,7,4
KW-O-001063,KW-C-00354,KW-SKU-000073,1,54999,2025-08-29T15:45,netbanking,cancelled,2,1
KW-O-001064,KW-C-00363,KW-SKU-000262,1,6499,2025-11-10T00:54,cod,delivered,5,
KW-O-001065,KW-C-00245,KW-SKU-000300,1,24999,2025-11-16T00:24,upi,returned,7,3
KW-O-001066,KW-C-00201,KW-SKU-000387,1,6499,2025-11-24T13:43,cod,delivered,5,2
KW-O-001067,KW-C-00003,KW-SKU-000571,1,299,2025-09-30T07:32,card,delivered,3,3
KW-O-001068,KW-C-00430,KW-SKU-000135,1,6499,2026-03-10T13:40,card,shipped,3,9
KW-O-001069,KW-C-00205,KW-SKU-000018,1,12999,2025-09-06T05:25,upi,delivered,3,14
KW-O-001070,KW-C-00287,KW-SKU-000296,2,299,2026-04-28T14:47,card,delivered,7,4
KW-O-001071,KW-C-00240,KW-SKU-000535,1,12999,2026-04-14T08:40,card,delivered,10,2
KW-O-001072,KW-C-00173,KW-SKU-000249,1,6499,2025-12-17T09:15,card,delivered,10,4
KW-O-001073,KW-C-00005,KW-SKU-000214,3,12999,2025-11-25T10:04,card,delivered,7,1
KW-O-001074,KW-C-00334,KW-SKU-000550,3,2999,2026-07-17T18:16,card,delivered,7,4
KW-O-001075,KW-C-00360,KW-SKU-000030,1,6499,2026-01-18T20:12,upi,delivered,5,
KW-O-001076,KW-C-00139,KW-SKU-000501,1,54999,2026-02-17T22:48,cod,placed,10,1
KW-O-001077,KW-C-00234,KW-SKU-000546,1,6499,2026-04-27T06:38,upi,delivered,5,
KW-O-001078,KW-C-00119,KW-SKU-000394,1,299,2026-05-23T11:01,upi,delivered,5,1
KW-O-001079,KW-C-00240,KW-SKU-000210,2,24999,2026-02-28T21:16,upi,cancelled,10,2
KW-O-001080,KW-C-00265,KW-SKU-000020,1,799,2025-07-17T03:02,wallet,delivered,5,14
KW-O-001081,KW-C-00455,KW-SKU-000219,1,1499,2026-01-09T05:41,cod,cancelled,10,
KW-O-001082,KW-C-00410,KW-SKU-000069,1,24999,2026-05-25T22:44,netbanking,delivered,2,14
KW-O-001083,KW-C-00259,KW-SKU-000473,1,24999,2026-02-11T03:21,card,delivered,2,1
KW-O-001084,KW-C-00275,KW-SKU-000339,1,24999,2025-12-29T04:32,upi,cancelled,3,14
KW-O-001085,KW-C-00414,KW-SKU-000488,1,799,2026-02-16T21:37,upi,shipped,10,2
KW-O-001086,KW-C-00434,KW-SKU-000502,1,12999,2025-10-14T12:03,cod,shipped,10,2
KW-O-001087,KW-C-00013,KW-SKU-000542,1,12999,2026-04-17T10:20,upi,delivered,5,9
KW-O-001088,KW-C-00238,KW-SKU-000232,1,6499,2025-11-04T12:23,card,cancelled,3,2
KW-O-001089,KW-C-00164,KW-SKU-000377,1,54999,2026-07-23T17:41,card,delivered,7,6
KW-O-001090,KW-C-00280,KW-SKU-000097,1,6499,2025-12-22T15:33,card,placed,5,1
KW-O-001091,KW-C-00189,KW-SKU-000420,1,2999,2026-05-18T16:14,wallet,returned,2,14
KW-O-001092,KW-C-00496,KW-SKU-000041,1,54999,2026-02-04T23:35,card,delivered,3,3
KW-O-001093,KW-C-00338,KW-SKU-000338,1,6499,2026-07-03T07:14,card,returned,5,6
KW-O-001094,KW-C-00294,KW-SKU-000152,2,12999,2026-06-19T09:56,card,cancelled,10,
KW-O-001095,KW-C-00415,KW-SKU-000420,1,12999,2025-11-05T18:18,netbanking,delivered,5,
KW-O-001096,KW-C-00488,KW-SKU-000495,2,299,2025-12-13T10:04,cod,delivered,10,3
KW-O-001097,KW-C-00331,KW-SKU-000056,1,54999,2026-03-09T19:20,upi,delivered,3,14
KW-O-001098,KW-C-00393,KW-SKU-000109,1,2999,2025-06-08T22:42,wallet,delivered,3,9
KW-O-001099,KW-C-00488,KW-SKU-000060,1,799,2026-03-27T05:10,card,shipped,7,
KW-O-001100,KW-C-00180,KW-SKU-000151,1,299,2026-06-03T10:23,upi,returned,7,
KW-O-001101,KW-C-00224,KW-SKU-000440,1,12999,2025-08-26T01:20,card,cancelled,5,3
KW-O-001102,KW-C-00080,KW-SKU-000583,1,299,2026-05-29T12:25,wallet,shipped,10,2
KW-O-001103,KW-C-00465,KW-SKU-000416,1,1499,2026-06-20T16:50,netbanking,shipped,7,1
KW-O-001104,KW-C-00377,KW-SKU-000356,1,799,2025-09-27T02:18,upi,returned,3,2
KW-O-001105,KW-C-00261,KW-SKU-000316,3,6499,2026-02-09T19:31,cod,shipped,7,1
KW-O-001106,KW-C-00196,KW-SKU-000478,3,1499,2026-01-13T00:01,netbanking,placed,3,14
KW-O-001107,KW-C-00200,KW-SKU-000110,1,12999,2025-06-24T00:43,card,delivered,7,2
KW-O-001108,KW-C-00131,KW-SKU-000030,1,54999,2025-12-08T21:24,card,cancelled,3,1
KW-O-001109,KW-C-00196,KW-SKU-000449,1,12999,2026-05-08T21:18,card,placed,3,3
KW-O-001110,KW-C-00080,KW-SKU-000116,1,24999,2026-01-09T02:00,netbanking,delivered,5,4
KW-O-001111,KW-C-00483,KW-SKU-000512,1,799,2025-10-14T19:51,upi,delivered,5,2
KW-O-001112,KW-C-00499,KW-SKU-000531,1,12999,2025-12-10T14:27,upi,shipped,3,14
KW-O-001113,KW-C-00438,KW-SKU-000571,1,24999,2026-05-17T21:57,card,delivered,5,3
KW-O-001114,KW-C-00056,KW-SKU-000322,1,54999,2026-04-20T20:52,card,delivered,5,
KW-O-001115,KW-C-00186,KW-SKU-000160,1,12999,2025-06-13T21:33,card,delivered,7,6
KW-O-001116,KW-C-00047,KW-SKU-000129,1,12999,2026-01-18T01:49,cod,delivered,10,14
KW-O-001117,KW-C-00477,KW-SKU-000325,1,1499,2025-10-20T00:11,cod,delivered,7,1
KW-O-001118,KW-C-00196,KW-SKU-000191,1,12999,2025-07-04T13:17,card,shipped,10,
KW-O-001119,KW-C-00038,KW-SKU-000599,1,6499,2026-03-16T12:07,upi,shipped,3,
KW-O-001120,KW-C-00136,KW-SKU-000257,2,12999,2025-11-08T01:51,upi,placed,2,
KW-O-001121,KW-C-00352,KW-SKU-000163,1,6499,2026-05-02T00:20,upi,shipped,5,14
KW-O-001122,KW-C-00163,KW-SKU-000152,2,24999,2025-08-06T03:21,wallet,delivered,3,3
KW-O-001123,KW-C-00462,KW-SKU-000460,1,799,2025-12-27T15:37,netbanking,placed,5,2
KW-O-001124,KW-C-00298,KW-SKU-000453,1,6499,2025-10-15T17:27,card,cancelled,10,6
KW-O-001125,KW-C-00229,KW-SKU-000309,1,799,2025-12-15T15:35,cod,cancelled,10,2
KW-O-001126,KW-C-00386,KW-SKU-000255,1,299,2026-06-21T01:17,upi,placed,10,1
KW-O-001127,KW-C-00436,KW-SKU-000520,1,799,2026-02-18T11:03,card,shipped,5,1
KW-O-001128,KW-C-00017,KW-SKU-000566,2,799,2026-02-26T09:29,wallet,cancelled,5,14
KW-O-001129,KW-C-00174,KW-SKU-000530,1,24999,2025-11-26T07:22,cod,delivered,2,3
KW-O-001130,KW-C-00398,KW-SKU-000241,3,799,2025-08-28T10:40,upi,delivered,5,14
KW-O-001131,KW-C-00455,KW-SKU-000140,3,799,2025-06-24T11:51,card,returned,5,14
KW-O-001132,KW-C-00424,KW-SKU-000432,1,1499,2026-05-21T08:38,upi,shipped,5,4
KW-O-001133,KW-C-00397,KW-SKU-000162,1,6499,2026-04-11T09:01,upi,delivered,5,9
KW-O-001134,KW-C-00433,KW-SKU-000176,1,1499,2025-08-04T12:20,card,delivered,5,14
KW-O-001135,KW-C-00213,KW-SKU-000362,1,799,2026-03-21T07:56,wallet,delivered,7,2
KW-O-001136,KW-C-00011,KW-SKU-000292,3,12999,2025-11-18T07:50,cod,delivered,10,14
KW-O-001137,KW-C-00332,KW-SKU-000102,1,12999,2026-01-19T04:04,card,delivered,10,9
KW-O-001138,KW-C-00406,KW-SKU-000133,1,2999,2025-11-01T23:25,card,returned,5,
KW-O-001139,KW-C-00130,KW-SKU-000096,2,24999,2026-04-02T20:08,card,shipped,10,9
KW-O-001140,KW-C-00250,KW-SKU-000257,1,24999,2026-03-16T08:31,card,delivered,5,4
KW-O-001141,KW-C-00159,KW-SKU-000037,1,12999,2025-12-14T23:35,card,delivered,5,3
KW-O-001142,KW-C-00263,KW-SKU-000543,1,799,2026-06-10T09:45,upi,placed,10,14
KW-O-001143,KW-C-00195,KW-SKU-000200,1,24999,2026-03-24T00:10,cod,returned,7,3
KW-O-001144,KW-C-00122,KW-SKU-000424,1,799,2025-09-23T05:28,cod,delivered,3,6
KW-O-001145,KW-C-00272,KW-SKU-000210,1,12999,2025-09-10T17:31,netbanking,delivered,7,1
KW-O-001146,KW-C-00463,KW-SKU-000137,2,299,2025-10-10T10:14,card,delivered,2,1
KW-O-001147,KW-C-00066,KW-SKU-000577,1,299,2026-04-29T23:35,card,delivered,10,6
KW-O-001148,KW-C-00232,KW-SKU-000228,1,2999,2026-01-01T02:44,card,returned,5,4
KW-O-001149,KW-C-00015,KW-SKU-000222,1,2999,2025-08-03T05:59,wallet,shipped,10,14
KW-O-001150,KW-C-00494,KW-SKU-000479,2,299,2026-05-04T23:57,cod,delivered,7,6
KW-O-001151,KW-C-00246,KW-SKU-000139,1,799,2026-06-07T23:22,card,cancelled,5,1
KW-O-001152,KW-C-00260,KW-SKU-000256,1,54999,2025-12-03T09:06,cod,shipped,2,2
KW-O-001153,KW-C-00240,KW-SKU-000487,1,12999,2026-05-20T13:02,upi,shipped,5,3
KW-O-001154,KW-C-00166,KW-SKU-000216,1,1499,2025-09-18T20:58,card,shipped,7,
KW-O-001155,KW-C-00394,KW-SKU-000185,1,6499,2026-05-23T16:28,upi,delivered,2,3
KW-O-001156,KW-C-00337,KW-SKU-000533,1,12999,2025-08-29T05:06,card,shipped,5,6
KW-O-001157,KW-C-00017,KW-SKU-000232,1,2999,2026-05-08T21:36,upi,delivered,7,
KW-O-001158,KW-C-00447,KW-SKU-000304,1,299,2026-07-05T00:10,wallet,delivered,5,
KW-O-001159,KW-C-00460,KW-SKU-000573,1,6499,2026-02-19T15:29,upi,delivered,7,4
KW-O-001160,KW-C-00269,KW-SKU-000348,1,299,2025-10-23T08:47,card,returned,5,6
KW-O-001161,KW-C-00041,KW-SKU-000429,1,54999,2026-04-19T17:39,upi,delivered,7,
KW-O-001162,KW-C-00340,KW-SKU-000069,1,24999,2026-07-20T10:01,card,delivered,2,4
KW-O-001163,KW-C-00316,KW-SKU-000297,1,12999,2026-02-15T06:01,netbanking,delivered,2,2
KW-O-001164,KW-C-00383,KW-SKU-000448,1,12999,2026-02-22T19:44,netbanking,placed,10,6
KW-O-001165,KW-C-00109,KW-SKU-000506,1,24999,2026-05-31T03:41,card,delivered,10,14
KW-O-001166,KW-C-00149,KW-SKU-000576,2,54999,2026-03-08T14:52,upi,delivered,7,3
KW-O-001167,KW-C-00010,KW-SKU-000045,1,799,2025-09-20T08:17,card,placed,5,3
KW-O-001168,KW-C-00418,KW-SKU-000417,1,299,2026-07-04T07:36,upi,delivered,5,
KW-O-001169,KW-C-00300,KW-SKU-000348,1,299,2026-02-13T12:55,upi,delivered,2,1
KW-O-001170,KW-C-00004,KW-SKU-000001,1,12999,2026-07-09T11:27,upi,delivered,3,6
KW-O-001171,KW-C-00337,KW-SKU-000178,1,6499,2025-10-07T00:43,cod,delivered,10,14
KW-O-001172,KW-C-00178,KW-SKU-000131,1,2999,2026-05-02T08:20,cod,returned,5,2
KW-O-001173,KW-C-00063,KW-SKU-000475,1,12999,2026-05-28T01:21,card,delivered,5,4
KW-O-001174,KW-C-00167,KW-SKU-000237,2,54999,2025-12-06T22:00,upi,delivered,7,
KW-O-001175,KW-C-00108,KW-SKU-000256,2,1499,2026-05-18T10:55,upi,delivered,5,
KW-O-001176,KW-C-00024,KW-SKU-000211,1,299,2026-02-13T00:01,card,delivered,7,2
KW-O-001177,KW-C-00000,KW-SKU-000481,2,799,2025-12-23T19:22,upi,delivered,3,1
KW-O-001178,KW-C-00043,KW-SKU-000590,1,54999,2026-04-24T02:40,cod,returned,7,14
KW-O-001179,KW-C-00426,KW-SKU-000279,1,799,2026-06-28T19:44,upi,delivered,3,6
KW-O-001180,KW-C-00188,KW-SKU-000399,1,2999,2025-12-03T05:25,cod,delivered,3,3
KW-O-001181,KW-C-00387,KW-SKU-000201,1,12999,2026-03-04T21:07,wallet,cancelled,5,
KW-O-001182,KW-C-00250,KW-SKU-000211,1,299,2026-03-29T08:12,upi,delivered,2,1
KW-O-001183,KW-C-00090,KW-SKU-000535,1,6499,2026-06-30T03:07,cod,cancelled,5,14
KW-O-001184,KW-C-00093,KW-SKU-000387,1,2999,2025-08-02T06:44,upi,delivered,3,2
KW-O-001185,KW-C-00090,KW-SKU-000451,1,6499,2026-04-10T01:43,card,delivered,2,9
KW-O-001186,KW-C-00322,KW-SKU-000344,1,24999,2025-07-26T19:12,card,placed,7,4
KW-O-001187,KW-C-00074,KW-SKU-000120,1,299,2026-04-06T08:24,upi,placed,5,1
KW-O-001188,KW-C-00261,KW-SKU-000473,2,299,2026-05-19T06:36,cod,delivered,10,2
KW-O-001189,KW-C-00104,KW-SKU-000372,1,2999,2025-08-16T14:17,cod,delivered,7,4
KW-O-001190,KW-C-00186,KW-SKU-000163,1,1499,2026-04-26T04:38,wallet,delivered,10,14
KW-O-001191,KW-C-00235,KW-SKU-000480,1,12999,2026-05-15T15:37,upi,delivered,10,1
KW-O-001192,KW-C-00045,KW-SKU-000186,1,24999,2026-06-10T16:47,upi,delivered,2,9
KW-O-001193,KW-C-00360,KW-SKU-000562,1,54999,2026-01-20T12:30,card,delivered,10,4
KW-O-001194,KW-C-00397,KW-SKU-000107,1,1499,2025-11-22T20:08,upi,delivered,7,6
KW-O-001195,KW-C-00010,KW-SKU-000160,1,24999,2026-04-30T03:16,wallet,cancelled,5,2
KW-O-001196,KW-C-00255,KW-SKU-000493,1,1499,2026-03-13T18:24,wallet,returned,10,6
KW-O-001197,KW-C-00358,KW-SKU-000383,1,12999,2025-10-19T13:52,cod,delivered,7,14
KW-O-001198,KW-C-00172,KW-SKU-000571,1,1499,2026-03-17T13:24,card,delivered,3,9
KW-O-001199,KW-C-00342,KW-SKU-000026,2,24999,2026-06-23T03:51,card,delivered,3,3
KW-O-001200,KW-C-00311,KW-SKU-000228,1,12999,2025-10-23T02:46,netbanking,delivered,7,
KW-O-001201,KW-C-00191,KW-SKU-000198,1,24999,2025-08-27T01:16,upi,returned,7,6
KW-O-001202,KW-C-00136,KW-SKU-000422,1,12999,2026-06-29T19:59,upi,delivered,3,4
KW-O-001203,KW-C-00388,KW-SKU-000010,2,799,2025-08-26T03:37,netbanking,returned,2,1
KW-O-001204,KW-C-00245,KW-SKU-000323,1,6499,2026-07-31T16:22,cod,returned,2,9
KW-O-001205,KW-C-00333,KW-SKU-000012,1,299,2025-09-01T16:19,card,delivered,10,14
KW-O-001206,KW-C-00304,KW-SKU-000503,2,6499,2026-06-20T05:40,card,delivered,10,4
KW-O-001207,KW-C-00272,KW-SKU-000561,3,24999,2026-05-20T05:02,card,delivered,5,14
KW-O-001208,KW-C-00124,KW-SKU-000224,1,54999,2026-02-19T01:51,upi,delivered,7,4
KW-O-001209,KW-C-00487,KW-SKU-000491,1,1499,2025-11-08T15:46,card,cancelled,7,3
KW-O-001210,KW-C-00058,KW-SKU-000076,1,1499,2026-07-02T06:55,card,delivered,10,
KW-O-001211,KW-C-00147,KW-SKU-000320,1,1499,2025-12-14T13:46,card,delivered,5,1
KW-O-001212,KW-C-00242,KW-SKU-000133,1,299,2025-12-20T11:54,upi,cancelled,10,14
KW-O-001213,KW-C-00304,KW-SKU-000077,1,54999,2025-10-12T15:18,upi,returned,7,14
KW-O-001214,KW-C-00292,KW-SKU-000545,1,12999,2025-06-19T20:39,upi,delivered,2,
KW-O-001215,KW-C-00248,KW-SKU-000237,1,12999,2026-01-24T20:50,card,delivered,10,9
KW-O-001216,KW-C-00230,KW-SKU-000306,1,12999,2026-07-19T08:33,cod,cancelled,7,2
KW-O-001217,KW-C-00057,KW-SKU-000548,1,6499,2025-12-14T11:17,card,delivered,10,14
KW-O-001218,KW-C-00470,KW-SKU-000445,1,12999,2025-07-27T11:44,card,delivered,7,
KW-O-001219,KW-C-00142,KW-SKU-000242,1,1499,2026-06-17T19:43,card,delivered,5,
KW-O-001220,KW-C-00189,KW-SKU-000392,2,799,2026-05-18T12:45,cod,cancelled,2,
KW-O-001221,KW-C-00191,KW-SKU-000504,1,2999,2026-02-20T07:58,card,shipped,10,1
KW-O-001222,KW-C-00470,KW-SKU-000061,1,299,2025-06-29T11:40,upi,delivered,2,
KW-O-001223,KW-C-00194,KW-SKU-000329,1,6499,2025-12-03T02:38,card,delivered,2,4
KW-O-001224,KW-C-00155,KW-SKU-000189,1,1499,2026-01-08T17:17,cod,delivered,7,2
KW-O-001225,KW-C-00096,KW-SKU-000239,1,299,2025-09-20T00:34,wallet,delivered,5,4
KW-O-001226,KW-C-00190,KW-SKU-000199,2,12999,2025-11-11T09:52,upi,delivered,10,1
KW-O-001227,KW-C-00415,KW-SKU-000160,1,799,2026-04-10T22:04,upi,cancelled,10,
KW-O-001228,KW-C-00391,KW-SKU-000333,1,1499,2026-06-22T00:48,wallet,delivered,3,
KW-O-001229,KW-C-00126,KW-SKU-000048,1,54999,2026-05-03T10:08,upi,delivered,10,4
KW-O-001230,KW-C-00432,KW-SKU-000394,1,54999,2026-05-13T01:41,upi,returned,10,9
KW-O-001231,KW-C-00499,KW-SKU-000011,1,299,2026-02-22T13:25,wallet,delivered,5,1
KW-O-001232,KW-C-00360,KW-SKU-000143,1,1499,2026-05-17T23:59,netbanking,cancelled,2,2
KW-O-001233,KW-C-00475,KW-SKU-000452,1,1499,2025-06-20T17:57,wallet,shipped,5,3
KW-O-001234,KW-C-00264,KW-SKU-000162,1,24999,2026-05-21T20:14,card,delivered,5,2
KW-O-001235,KW-C-00217,KW-SKU-000511,1,54999,2026-03-07T04:22,upi,shipped,10,
KW-O-001236,KW-C-00142,KW-SKU-000323,1,54999,2025-10-13T05:11,upi,returned,10,6
KW-O-001237,KW-C-00253,KW-SKU-000337,1,2999,2025-06-12T22:12,wallet,delivered,5,4
KW-O-001238,KW-C-00173,KW-SKU-000488,1,2999,2026-04-07T18:12,cod,returned,2,
KW-O-001239,KW-C-00178,KW-SKU-000084,1,299,2025-06-26T01:03,upi,delivered,3,2
KW-O-001240,KW-C-00273,KW-SKU-000109,1,2999,2025-09-15T04:15,upi,delivered,3,
KW-O-001241,KW-C-00479,KW-SKU-000341,1,1499,2026-07-16T19:25,card,returned,10,3
KW-O-001242,KW-C-00043,KW-SKU-000228,1,54999,2026-02-03T07:10,card,cancelled,7,4
KW-O-001243,KW-C-00424,KW-SKU-000541,1,2999,2025-07-04T19:47,card,delivered,10,4
KW-O-001244,KW-C-00398,KW-SKU-000528,2,24999,2026-05-03T12:32,upi,shipped,7,14
KW-O-001245,KW-C-00341,KW-SKU-000423,1,24999,2026-02-23T07:58,upi,delivered,5,9
KW-O-001246,KW-C-00401,KW-SKU-000249,1,12999,2026-05-22T01:08,card,delivered,5,
KW-O-001247,KW-C-00460,KW-SKU-000133,1,299,2026-06-16T06:46,card,shipped,10,2
KW-O-001248,KW-C-00321,KW-SKU-000553,2,12999,2025-06-27T09:46,upi,shipped,5,
KW-O-001249,KW-C-00149,KW-SKU-000368,1,1499,2026-07-03T17:27,card,placed,5,2
KW-O-001250,KW-C-00406,KW-SKU-000293,1,299,2025-06-20T03:01,cod,delivered,5,4
KW-O-001251,KW-C-00207,KW-SKU-000388,1,799,2025-09-06T04:58,upi,delivered,2,2
KW-O-001252,KW-C-00325,KW-SKU-000375,1,24999,2026-03-01T00:08,card,delivered,2,6
KW-O-001253,KW-C-00339,KW-SKU-000364,1,299,2026-05-15T11:35,cod,delivered,10,6
KW-O-001254,KW-C-00485,KW-SKU-000567,1,1499,2025-07-03T17:15,upi,placed,10,1
KW-O-001255,KW-C-00158,KW-SKU-000315,1,12999,2026-04-01T23:14,upi,delivered,10,1
KW-O-001256,KW-C-00403,KW-SKU-000403,1,2999,2025-11-29T08:13,upi,delivered,3,6
KW-O-001257,KW-C-00166,KW-SKU-000522,2,799,2026-03-16T04:27,upi,delivered,3,4
KW-O-001258,KW-C-00033,KW-SKU-000303,2,1499,2026-03-05T19:44,card,delivered,10,14
KW-O-001259,KW-C-00359,KW-SKU-000253,1,299,2026-04-15T03:13,wallet,delivered,5,9
KW-O-001260,KW-C-00302,KW-SKU-000561,1,24999,2025-11-18T19:43,upi,shipped,5,2
KW-O-001261,KW-C-00005,KW-SKU-000589,1,54999,2026-01-27T15:03,card,delivered,7,4
KW-O-001262,KW-C-00254,KW-SKU-000014,3,799,2025-08-03T11:26,cod,returned,10,2
KW-O-001263,KW-C-00457,KW-SKU-000018,1,6499,2025-11-27T11:45,upi,shipped,3,2
KW-O-001264,KW-C-00027,KW-SKU-000103,1,12999,2026-03-17T18:00,card,delivered,3,9
KW-O-001265,KW-C-00118,KW-SKU-000114,1,12999,2026-05-14T12:08,card,shipped,7,14
KW-O-001266,KW-C-00231,KW-SKU-000404,1,1499,2026-07-01T04:27,cod,returned,10,9
KW-O-001267,KW-C-00405,KW-SKU-000598,2,54999,2026-06-29T07:35,card,placed,2,
KW-O-001268,KW-C-00238,KW-SKU-000237,1,799,2025-09-08T08:59,wallet,delivered,2,14
KW-O-001269,KW-C-00457,KW-SKU-000284,1,799,2025-07-05T23:25,card,cancelled,5,
KW-O-001270,KW-C-00459,KW-SKU-000427,1,6499,2025-08-14T09:18,card,shipped,3,14
KW-O-001271,KW-C-00145,KW-SKU-000353,1,1499,2025-12-27T06:47,upi,delivered,10,6
KW-O-001272,KW-C-00131,KW-SKU-000088,1,799,2026-03-21T01:43,cod,returned,7,1
KW-O-001273,KW-C-00304,KW-SKU-000518,1,24999,2025-12-21T21:19,card,delivered,10,4
KW-O-001274,KW-C-00126,KW-SKU-000401,2,1499,2026-05-18T10:18,upi,shipped,7,14
KW-O-001275,KW-C-00360,KW-SKU-000497,1,799,2025-06-09T06:18,upi,delivered,5,1
KW-O-001276,KW-C-00222,KW-SKU-000126,1,2999,2025-10-17T16:41,card,delivered,5,14
KW-O-001277,KW-C-00285,KW-SKU-000202,1,24999,2025-08-13T09:59,wallet,delivered,3,6
KW-O-001278,KW-C-00441,KW-SKU-000368,1,299,2025-09-10T19:40,upi,delivered,3,9
KW-O-001279,KW-C-00443,KW-SKU-000492,1,12999,2025-09-25T04:11,upi,delivered,2,6
KW-O-001280,KW-C-00472,KW-SKU-000176,1,54999,2026-07-20T14:44,card,placed,7,4
KW-O-001281,KW-C-00157,KW-SKU-000033,1,1499,2025-11-14T00:12,upi,shipped,10,2
KW-O-001282,KW-C-00077,KW-SKU-000416,1,54999,2025-12-17T04:21,card,shipped,7,3
KW-O-001283,KW-C-00228,KW-SKU-000439,1,24999,2026-05-21T23:42,cod,delivered,10,2
KW-O-001284,KW-C-00390,KW-SKU-000394,1,54999,2026-01-20T20:59,upi,delivered,5,3
KW-O-001285,KW-C-00137,KW-SKU-000198,1,2999,2026-01-18T06:12,upi,delivered,7,3
KW-O-001286,KW-C-00209,KW-SKU-000516,1,299,2026-04-16T14:48,cod,delivered,7,14
KW-O-001287,KW-C-00330,KW-SKU-000513,1,1499,2026-05-14T11:09,card,placed,2,4
KW-O-001288,KW-C-00247,KW-SKU-000460,1,12999,2025-08-29T17:16,card,placed,3,4
KW-O-001289,KW-C-00102,KW-SKU-000104,1,799,2025-11-01T11:53,upi,shipped,7,6
KW-O-001290,KW-C-00418,KW-SKU-000011,1,24999,2026-08-01T05:35,card,placed,2,4
KW-O-001291,KW-C-00270,KW-SKU-000374,3,799,2026-07-01T07:20,card,delivered,3,
KW-O-001292,KW-C-00184,KW-SKU-000496,1,799,2025-08-19T13:53,cod,delivered,2,1
KW-O-001293,KW-C-00396,KW-SKU-000436,1,24999,2026-03-27T15:36,cod,delivered,7,9
KW-O-001294,KW-C-00148,KW-SKU-000406,1,1499,2025-07-23T16:06,upi,returned,3,3
KW-O-001295,KW-C-00441,KW-SKU-000506,1,1499,2026-02-03T21:19,card,returned,5,2
KW-O-001296,KW-C-00444,KW-SKU-000436,3,799,2025-09-29T02:24,netbanking,delivered,5,1
KW-O-001297,KW-C-00064,KW-SKU-000066,1,6499,2026-04-26T08:16,card,delivered,7,
KW-O-001298,KW-C-00202,KW-SKU-000139,1,799,2025-06-21T02:14,card,returned,7,9
KW-O-001299,KW-C-00444,KW-SKU-000432,1,24999,2025-10-28T05:48,netbanking,placed,10,4
KW-O-001300,KW-C-00282,KW-SKU-000095,1,1499,2026-04-28T15:01,card,placed,3,
KW-O-001301,KW-C-00027,KW-SKU-000538,1,54999,2025-11-06T14:02,card,delivered,3,1
KW-O-001302,KW-C-00316,KW-SKU-000010,1,1499,2025-11-05T20:16,card,placed,7,3
KW-O-001303,KW-C-00407,KW-SKU-000040,1,1499,2026-04-12T08:36,netbanking,returned,7,6
KW-O-001304,KW-C-00422,KW-SKU-000334,2,54999,2026-07-11T08:25,upi,delivered,10,3
KW-O-001305,KW-C-00118,KW-SKU-000172,1,799,2025-07-26T09:28,cod,returned,3,4
KW-O-001306,KW-C-00069,KW-SKU-000588,1,1499,2025-10-19T16:28,netbanking,delivered,2,2
KW-O-001307,KW-C-00303,KW-SKU-000254,1,6499,2026-01-23T20:10,upi,cancelled,5,4
KW-O-001308,KW-C-00259,KW-SKU-000549,1,6499,2025-08-12T15:26,upi,delivered,10,1
KW-O-001309,KW-C-00243,KW-SKU-000587,1,6499,2025-07-21T23:34,wallet,shipped,7,4
KW-O-001310,KW-C-00431,KW-SKU-000358,1,12999,2026-06-13T16:19,upi,delivered,5,4
KW-O-001311,KW-C-00252,KW-SKU-000369,1,54999,2026-07-31T13:02,wallet,returned,10,1
KW-O-001312,KW-C-00059,KW-SKU-000454,1,799,2025-10-31T14:53,upi,placed,3,9
KW-O-001313,KW-C-00001,KW-SKU-000289,1,2999,2026-06-30T23:43,card,delivered,7,14
KW-O-001314,KW-C-00009,KW-SKU-000118,1,6499,2025-12-29T22:17,upi,shipped,10,4
KW-O-001315,KW-C-00167,KW-SKU-000190,1,24999,2025-11-16T13:20,card,shipped,7,1
KW-O-001316,KW-C-00039,KW-SKU-000397,1,1499,2025-11-15T05:01,wallet,delivered,3,4
KW-O-001317,KW-C-00194,KW-SKU-000096,1,1499,2025-09-06T05:30,card,placed,7,2
KW-O-001318,KW-C-00061,KW-SKU-000596,1,54999,2026-05-22T00:41,cod,delivered,5,2
KW-O-001319,KW-C-00014,KW-SKU-000567,1,299,2026-03-15T12:46,card,delivered,5,14
KW-O-001320,KW-C-00408,KW-SKU-000238,1,1499,2026-05-15T21:23,cod,returned,5,9
KW-O-001321,KW-C-00241,KW-SKU-000442,1,1499,2025-08-13T23:19,card,delivered,2,3
KW-O-001322,KW-C-00412,KW-SKU-000539,1,24999,2025-10-29T15:04,upi,shipped,7,14
KW-O-001323,KW-C-00380,KW-SKU-000433,1,6499,2026-02-16T00:01,upi,returned,5,
KW-O-001324,KW-C-00227,KW-SKU-000294,1,6499,2026-05-15T08:47,upi,delivered,2,
KW-O-001325,KW-C-00098,KW-SKU-000154,1,54999,2026-02-24T05:34,cod,delivered,10,
KW-O-001326,KW-C-00083,KW-SKU-000403,3,12999,2026-03-04T13:52,upi,returned,10,2
KW-O-001327,KW-C-00417,KW-SKU-000567,2,799,2026-04-14T21:00,upi,shipped,2,2
KW-O-001328,KW-C-00132,KW-SKU-000166,1,799,2025-07-29T04:12,card,delivered,10,6
KW-O-001329,KW-C-00454,KW-SKU-000312,3,54999,2026-03-17T07:18,card,cancelled,3,
KW-O-001330,KW-C-00472,KW-SKU-000481,2,6499,2025-08-04T03:04,card,cancelled,2,14
KW-O-001331,KW-C-00305,KW-SKU-000328,1,12999,2026-04-15T20:10,upi,delivered,7,1
KW-O-001332,KW-C-00130,KW-SKU-000007,2,799,2025-11-03T13:11,netbanking,delivered,2,
KW-O-001333,KW-C-00198,KW-SKU-000106,1,299,2025-06-29T20:14,card,delivered,7,4
KW-O-001334,KW-C-00113,KW-SKU-000092,1,799,2026-07-25T19:00,upi,placed,3,9
KW-O-001335,KW-C-00300,KW-SKU-000389,1,24999,2026-06-07T12:49,card,placed,10,2
KW-O-001336,KW-C-00148,KW-SKU-000132,1,299,2026-02-08T17:53,wallet,cancelled,10,3
KW-O-001337,KW-C-00038,KW-SKU-000125,1,6499,2026-01-19T07:55,card,delivered,3,6
KW-O-001338,KW-C-00428,KW-SKU-000125,1,54999,2025-07-31T12:37,upi,delivered,7,14
KW-O-001339,KW-C-00140,KW-SKU-000540,1,2999,2025-09-27T14:33,netbanking,placed,7,6
KW-O-001340,KW-C-00380,KW-SKU-000075,1,24999,2025-09-13T11:19,cod,delivered,2,4
KW-O-001341,KW-C-00413,KW-SKU-000356,1,12999,2026-07-15T02:54,upi,delivered,7,14
KW-O-001342,KW-C-00075,KW-SKU-000066,2,54999,2026-02-09T20:10,card,delivered,3,4
KW-O-001343,KW-C-00484,KW-SKU-000443,1,6499,2025-08-22T22:05,upi,delivered,7,1
KW-O-001344,KW-C-00330,KW-SKU-000294,1,2999,2026-02-13T16:56,upi,returned,2,4
KW-O-001345,KW-C-00328,KW-SKU-000435,1,2999,2026-01-19T02:11,upi,delivered,2,
KW-O-001346,KW-C-00327,KW-SKU-000495,1,12999,2025-07-12T17:25,upi,delivered,2,4
KW-O-001347,KW-C-00140,KW-SKU-000109,1,12999,2025-06-18T00:12,upi,returned,5,
KW-O-001348,KW-C-00428,KW-SKU-000510,1,6499,2026-01-31T09:29,wallet,delivered,10,
KW-O-001349,KW-C-00221,KW-SKU-000489,1,24999,2025-12-17T11:24,upi,delivered,5,4
KW-O-001350,KW-C-00340,KW-SKU-000495,1,12999,2025-08-05T19:07,card,returned,10,4
KW-O-001351,KW-C-00009,KW-SKU-000084,2,799,2026-06-10T08:40,upi,delivered,10,
KW-O-001352,KW-C-00329,KW-SKU-000018,1,12999,2026-01-02T01:17,card,placed,5,1
KW-O-001353,KW-C-00247,KW-SKU-000584,1,799,2026-03-06T07:20,upi,delivered,3,14
KW-O-001354,KW-C-00258,KW-SKU-000050,1,2999,2026-04-12T16:22,wallet,delivered,3,6
KW-O-001355,KW-C-00218,KW-SKU-000097,1,12999,2025-08-06T03:43,cod,placed,7,3
KW-O-001356,KW-C-00262,KW-SKU-000026,1,299,2026-06-21T09:22,upi,delivered,2,2
KW-O-001357,KW-C-00491,KW-SKU-000120,1,12999,2025-10-01T22:56,upi,cancelled,3,3
KW-O-001358,KW-C-00123,KW-SKU-000083,1,24999,2025-11-17T05:28,upi,shipped,2,4
KW-O-001359,KW-C-00435,KW-SKU-000352,2,24999,2026-07-15T13:47,card,shipped,7,2
KW-O-001360,KW-C-00047,KW-SKU-000194,1,1499,2025-12-27T06:13,upi,delivered,3,3
KW-O-001361,KW-C-00161,KW-SKU-000503,1,54999,2025-11-10T22:09,cod,shipped,2,6
KW-O-001362,KW-C-00006,KW-SKU-000258,1,54999,2025-10-02T16:59,upi,cancelled,5,2
KW-O-001363,KW-C-00332,KW-SKU-000520,1,6499,2026-03-21T11:08,card,placed,5,3
KW-O-001364,KW-C-00115,KW-SKU-000002,2,12999,2026-02-18T16:47,upi,cancelled,10,
KW-O-001365,KW-C-00311,KW-SKU-000229,1,1499,2026-06-26T08:43,upi,delivered,5,
KW-O-001366,KW-C-00113,KW-SKU-000533,1,799,2025-10-01T01:51,upi,delivered,2,3
KW-O-001367,KW-C-00043,KW-SKU-000245,1,799,2025-09-30T18:52,upi,delivered,3,4
KW-O-001368,KW-C-00054,KW-SKU-000030,1,2999,2025-07-16T18:34,upi,delivered,2,3
KW-O-001369,KW-C-00207,KW-SKU-000590,1,6499,2025-12-26T10:14,wallet,cancelled,3,4
KW-O-001370,KW-C-00421,KW-SKU-000129,1,1499,2025-09-23T16:14,cod,delivered,3,9
KW-O-001371,KW-C-00030,KW-SKU-000589,1,799,2026-06-10T22:32,card,placed,10,9
KW-O-001372,KW-C-00490,KW-SKU-000531,1,1499,2026-05-14T19:51,card,returned,2,14
KW-O-001373,KW-C-00071,KW-SKU-000384,1,299,2025-10-29T16:37,upi,delivered,3,
KW-O-001374,KW-C-00190,KW-SKU-000109,1,799,2025-07-29T21:16,cod,cancelled,5,6
KW-O-001375,KW-C-00276,KW-SKU-000003,1,6499,2025-12-15T17:20,netbanking,delivered,3,2
KW-O-001376,KW-C-00114,KW-SKU-000213,1,6499,2025-08-20T17:18,upi,delivered,5,9
KW-O-001377,KW-C-00157,KW-SKU-000031,1,54999,2026-02-05T14:43,cod,placed,5,4
KW-O-001378,KW-C-00164,KW-SKU-000519,1,2999,2026-03-10T22:45,cod,delivered,2,2
KW-O-001379,KW-C-00014,KW-SKU-000568,2,2999,2026-07-09T09:58,upi,delivered,3,6
KW-O-001380,KW-C-00246,KW-SKU-000566,1,12999,2026-06-24T15:25,upi,delivered,3,
KW-O-001381,KW-C-00190,KW-SKU-000436,1,799,2025-07-31T20:42,upi,cancelled,3,4
KW-O-001382,KW-C-00228,KW-SKU-000016,1,24999,2025-07-03T06:08,wallet,delivered,7,4
KW-O-001383,KW-C-00046,KW-SKU-000102,1,799,2025-12-05T07:05,wallet,delivered,2,9
KW-O-001384,KW-C-00380,KW-SKU-000225,1,2999,2026-02-24T02:22,upi,delivered,3,6
KW-O-001385,KW-C-00117,KW-SKU-000499,1,799,2025-07-21T16:54,netbanking,placed,3,
KW-O-001386,KW-C-00014,KW-SKU-000424,1,1499,2025-11-18T10:11,cod,cancelled,5,9
KW-O-001387,KW-C-00066,KW-SKU-000046,1,799,2026-07-14T05:17,upi,delivered,7,6
KW-O-001388,KW-C-00152,KW-SKU-000441,1,54999,2025-09-14T00:03,card,delivered,5,1
KW-O-001389,KW-C-00483,KW-SKU-000336,2,299,2026-05-03T04:06,upi,cancelled,7,
KW-O-001390,KW-C-00066,KW-SKU-000024,2,1499,2025-09-08T07:23,cod,delivered,2,9
KW-O-001391,KW-C-00280,KW-SKU-000023,2,12999,2026-06-12T15:04,wallet,delivered,2,2
KW-O-001392,KW-C-00276,KW-SKU-000269,1,24999,2026-04-25T06:11,upi,delivered,10,2
KW-O-001393,KW-C-00134,KW-SKU-000301,3,299,2026-05-20T18:34,netbanking,delivered,5,2
KW-O-001394,KW-C-00472,KW-SKU-000333,1,6499,2026-03-21T16:30,card,delivered,2,2
KW-O-001395,KW-C-00330,KW-SKU-000510,1,2999,2026-04-09T01:27,card,returned,2,4
KW-O-001396,KW-C-00442,KW-SKU-000080,1,299,2025-12-24T09:03,upi,delivered,2,14
KW-O-001397,KW-C-00009,KW-SKU-000584,1,6499,2026-06-14T05:38,cod,delivered,7,9
KW-O-001398,KW-C-00265,KW-SKU-000263,1,299,2026-02-02T15:18,card,cancelled,2,1
KW-O-001399,KW-C-00365,KW-SKU-000422,1,12999,2026-01-20T20:50,card,delivered,10,4
KW-O-001400,KW-C-00374,KW-SKU-000548,2,12999,2026-01-23T01:04,card,delivered,5,3
KW-O-001401,KW-C-00202,KW-SKU-000435,1,54999,2026-01-12T10:15,upi,shipped,3,1
KW-O-001402,KW-C-00308,KW-SKU-000339,1,799,2026-06-07T19:59,netbanking,shipped,2,14
KW-O-001403,KW-C-00090,KW-SKU-000381,1,799,2026-03-08T11:36,upi,delivered,2,6
KW-O-001404,KW-C-00055,KW-SKU-000346,2,54999,2025-12-10T23:51,cod,returned,2,
KW-O-001405,KW-C-00036,KW-SKU-000443,1,54999,2025-12-23T18:39,netbanking,delivered,7,4
KW-O-001406,KW-C-00320,KW-SKU-000040,1,2999,2025-08-25T05:31,wallet,shipped,3,2
KW-O-001407,KW-C-00205,KW-SKU-000483,1,12999,2026-05-29T13:18,upi,delivered,7,6
KW-O-001408,KW-C-00142,KW-SKU-000388,1,6499,2026-01-20T14:02,upi,returned,10,3
KW-O-001409,KW-C-00349,KW-SKU-000315,1,2999,2025-12-19T13:28,card,cancelled,2,2
KW-O-001410,KW-C-00442,KW-SKU-000454,1,6499,2025-12-12T09:40,netbanking,delivered,5,
KW-O-001411,KW-C-00399,KW-SKU-000592,1,12999,2025-10-07T09:54,netbanking,shipped,5,6
KW-O-001412,KW-C-00465,KW-SKU-000589,3,299,2026-07-24T05:59,cod,delivered,5,14
KW-O-001413,KW-C-00435,KW-SKU-000557,1,24999,2026-02-26T06:31,card,returned,10,3
KW-O-001414,KW-C-00286,KW-SKU-000515,1,299,2026-01-18T00:00,upi,delivered,3,
KW-O-001415,KW-C-00341,KW-SKU-000488,1,6499,2026-04-11T23:09,cod,delivered,3,
KW-O-001416,KW-C-00023,KW-SKU-000329,1,1499,2026-07-24T21:59,upi,delivered,10,
KW-O-001417,KW-C-00216,KW-SKU-000129,2,54999,2025-09-10T14:47,upi,delivered,7,14
KW-O-001418,KW-C-00355,KW-SKU-000409,1,799,2026-05-03T13:29,upi,delivered,5,3
KW-O-001419,KW-C-00429,KW-SKU-000259,1,2999,2026-03-29T22:55,card,delivered,10,
KW-O-001420,KW-C-00271,KW-SKU-000363,1,54999,2025-06-19T09:51,upi,shipped,5,14
KW-O-001421,KW-C-00407,KW-SKU-000425,1,6499,2025-11-19T11:21,cod,delivered,7,
KW-O-001422,KW-C-00139,KW-SKU-000034,1,54999,2025-09-01T13:52,cod,delivered,2,3
KW-O-001423,KW-C-00487,KW-SKU-000018,1,12999,2026-03-18T00:37,upi,delivered,10,6
KW-O-001424,KW-C-00327,KW-SKU-000551,1,12999,2025-07-05T04:00,card,delivered,3,
KW-O-001425,KW-C-00486,KW-SKU-000273,2,6499,2025-12-25T00:44,upi,delivered,7,14
KW-O-001426,KW-C-00107,KW-SKU-000247,2,6499,2026-04-21T19:57,netbanking,placed,5,1
KW-O-001427,KW-C-00487,KW-SKU-000220,1,54999,2026-02-27T14:17,card,returned,7,3
KW-O-001428,KW-C-00320,KW-SKU-000146,1,12999,2026-07-22T11:06,upi,cancelled,7,1
KW-O-001429,KW-C-00430,KW-SKU-000161,1,24999,2026-01-05T04:32,cod,placed,7,14
KW-O-001430,KW-C-00015,KW-SKU-000191,1,24999,2026-08-01T01:02,wallet,delivered,10,3
KW-O-001431,KW-C-00100,KW-SKU-000369,1,54999,2026-01-15T02:33,upi,delivered,2,14
KW-O-001432,KW-C-00114,KW-SKU-000489,1,54999,2026-03-10T00:34,wallet,delivered,5,
KW-O-001433,KW-C-00215,KW-SKU-000294,1,799,2025-08-28T20:10,upi,delivered,7,9
KW-O-001434,KW-C-00437,KW-SKU-000482,2,12999,2025-06-24T05:38,upi,delivered,2,14
KW-O-001435,KW-C-00178,KW-SKU-000437,1,299,2025-08-03T19:40,upi,delivered,3,1
KW-O-001436,KW-C-00342,KW-SKU-000047,1,799,2026-06-13T20:12,card,delivered,5,1
KW-O-001437,KW-C-00106,KW-SKU-000491,1,1499,2025-09-25T05:14,cod,delivered,3,6
KW-O-001438,KW-C-00050,KW-SKU-000565,1,24999,2026-01-11T22:48,upi,delivered,10,2
KW-O-001439,KW-C-00330,KW-SKU-000178,1,6499,2025-09-07T00:22,upi,delivered,3,2
KW-O-001440,KW-C-00277,KW-SKU-000159,1,799,2025-08-29T11:13,card,cancelled,10,9
KW-O-001441,KW-C-00042,KW-SKU-000148,1,2999,2025-08-20T20:29,cod,delivered,2,9
KW-O-001442,KW-C-00221,KW-SKU-000443,1,6499,2026-04-02T05:39,card,delivered,5,4
KW-O-001443,KW-C-00369,KW-SKU-000493,1,6499,2025-11-15T18:49,cod,delivered,5,14
KW-O-001444,KW-C-00242,KW-SKU-000490,1,12999,2025-12-12T14:28,card,delivered,3,
KW-O-001445,KW-C-00404,KW-SKU-000139,1,799,2026-06-11T05:44,netbanking,delivered,2,14
KW-O-001446,KW-C-00183,KW-SKU-000047,2,12999,2025-10-08T09:28,upi,shipped,7,3
KW-O-001447,KW-C-00441,KW-SKU-000312,1,2999,2026-01-09T05:49,wallet,shipped,10,
KW-O-001448,KW-C-00301,KW-SKU-000246,1,6499,2026-06-20T23:05,cod,placed,3,14
KW-O-001449,KW-C-00084,KW-SKU-000518,1,6499,2026-05-17T00:44,upi,delivered,10,2
KW-O-001450,KW-C-00150,KW-SKU-000018,1,1499,2025-07-17T18:31,upi,cancelled,7,9
KW-O-001451,KW-C-00427,KW-SKU-000288,1,12999,2025-10-27T05:40,upi,placed,10,1
KW-O-001452,KW-C-00009,KW-SKU-000292,1,799,2025-09-24T16:18,wallet,placed,2,2
KW-O-001453,KW-C-00304,KW-SKU-000286,1,2999,2025-09-19T23:04,upi,returned,3,14
KW-O-001454,KW-C-00224,KW-SKU-000541,2,6499,2026-03-17T10:09,upi,delivered,5,9
KW-O-001455,KW-C-00040,KW-SKU-000596,1,2999,2025-06-30T15:34,cod,delivered,2,2
KW-O-001456,KW-C-00261,KW-SKU-000309,1,54999,2026-02-13T11:44,cod,returned,2,4
KW-O-001457,KW-C-00029,KW-SKU-000047,1,799,2026-06-12T23:42,netbanking,delivered,5,4
KW-O-001458,KW-C-00463,KW-SKU-000461,1,299,2025-08-18T01:08,cod,returned,2,3
KW-O-001459,KW-C-00361,KW-SKU-000455,1,2999,2025-08-26T21:14,card,delivered,2,2
KW-O-001460,KW-C-00050,KW-SKU-000296,1,24999,2025-06-11T19:06,card,delivered,10,3
KW-O-001461,KW-C-00486,KW-SKU-000267,1,299,2025-10-09T02:24,upi,shipped,7,9
KW-O-001462,KW-C-00433,KW-SKU-000436,2,299,2026-01-03T00:44,card,delivered,2,6
KW-O-001463,KW-C-00174,KW-SKU-000555,1,6499,2025-12-18T04:58,cod,shipped,10,1
KW-O-001464,KW-C-00489,KW-SKU-000310,1,799,2025-07-02T15:39,cod,delivered,2,2
KW-O-001465,KW-C-00312,KW-SKU-000416,1,1499,2026-02-17T02:57,upi,delivered,3,6
KW-O-001466,KW-C-00248,KW-SKU-000447,1,12999,2026-06-26T09:11,card,delivered,5,14
KW-O-001467,KW-C-00162,KW-SKU-000483,1,6499,2025-10-01T15:02,card,delivered,5,1
KW-O-001468,KW-C-00302,KW-SKU-000269,1,24999,2026-04-03T19:17,wallet,delivered,7,9
KW-O-001469,KW-C-00450,KW-SKU-000108,1,1499,2025-12-24T15:43,upi,delivered,2,6
KW-O-001470,KW-C-00195,KW-SKU-000056,1,299,2025-08-21T19:46,netbanking,delivered,5,9
KW-O-001471,KW-C-00021,KW-SKU-000570,1,54999,2026-06-23T01:17,wallet,delivered,5,1
KW-O-001472,KW-C-00138,KW-SKU-000296,1,6499,2025-12-28T09:12,cod,delivered,3,6
KW-O-001473,KW-C-00383,KW-SKU-000414,1,299,2025-09-27T23:04,upi,placed,5,1
KW-O-001474,KW-C-00168,KW-SKU-000126,1,24999,2025-07-27T16:54,netbanking,cancelled,7,6
KW-O-001475,KW-C-00022,KW-SKU-000300,1,799,2026-05-18T10:19,upi,delivered,10,2
KW-O-001476,KW-C-00076,KW-SKU-000005,1,24999,2026-01-22T08:42,upi,placed,2,1
KW-O-001477,KW-C-00273,KW-SKU-000079,2,2999,2026-05-06T17:22,upi,delivered,3,4
KW-O-001478,KW-C-00200,KW-SKU-000420,1,299,2026-06-05T12:21,upi,shipped,7,2
KW-O-001479,KW-C-00019,KW-SKU-000029,1,24999,2026-02-12T19:49,card,delivered,7,9
KW-O-001480,KW-C-00363,KW-SKU-000549,2,299,2025-09-01T11:59,cod,cancelled,10,6
KW-O-001481,KW-C-00259,KW-SKU-000290,3,12999,2025-10-24T10:09,upi,shipped,7,
KW-O-001482,KW-C-00409,KW-SKU-000046,1,54999,2026-06-16T22:12,card,shipped,3,3
KW-O-001483,KW-C-00153,KW-SKU-000120,1,299,2025-12-05T00:10,netbanking,delivered,3,2
KW-O-001484,KW-C-00081,KW-SKU-000463,3,12999,2026-03-15T20:15,upi,delivered,3,14
KW-O-001485,KW-C-00466,KW-SKU-000287,1,299,2026-06-02T16:06,cod,delivered,2,3
KW-O-001486,KW-C-00176,KW-SKU-000598,2,6499,2025-07-12T06:43,wallet,delivered,7,1
KW-O-001487,KW-C-00090,KW-SKU-000169,1,24999,2025-08-16T17:59,cod,placed,3,14
KW-O-001488,KW-C-00380,KW-SKU-000014,2,299,2025-08-20T23:15,card,delivered,2,2
KW-O-001489,KW-C-00447,KW-SKU-000172,1,24999,2026-04-16T17:30,wallet,delivered,3,9
KW-O-001490,KW-C-00316,KW-SKU-000360,2,799,2026-02-24T04:05,upi,delivered,7,2
KW-O-001491,KW-C-00361,KW-SKU-000423,1,24999,2026-05-11T17:02,cod,returned,10,14
KW-O-001492,KW-C-00197,KW-SKU-000055,1,12999,2025-11-04T04:12,card,cancelled,10,
KW-O-001493,KW-C-00474,KW-SKU-000147,2,1499,2025-10-31T09:42,card,cancelled,5,1
KW-O-001494,KW-C-00198,KW-SKU-000274,1,54999,2025-06-22T14:44,upi,returned,3,
KW-O-001495,KW-C-00418,KW-SKU-000548,2,6499,2025-08-21T15:21,cod,delivered,2,1
KW-O-001496,KW-C-00199,KW-SKU-000330,1,6499,2026-05-12T19:35,netbanking,returned,3,4
KW-O-001497,KW-C-00387,KW-SKU-000005,1,299,2025-06-28T14:17,card,delivered,7,1
KW-O-001498,KW-C-00311,KW-SKU-000508,2,24999,2026-07-26T21:33,card,cancelled,3,
KW-O-001499,KW-C-00319,KW-SKU-000005,1,54999,2026-03-24T01:32,cod,returned,5,4
