tracking_id,order_ref,carrier,last_scan,last_scan_at,scan_location
KW-TRK-0000000,KW-O-000000,Bluedart,delivered,2026-07-17T23:55,Burtonfurt
KW-TRK-0000001,KW-O-000001,Bluedart,out_for_delivery,2026-07-19T19:27,Jasminestad
KW-TRK-0000002,KW-O-000002,XpressBees,returned_to_origin,2026-06-04T15:59,Ryanstad
KW-TRK-0000003,KW-O-000003,Delhivery,delivery_attempted,2026-07-13T16:22,West Amber
KW-TRK-0000004,KW-O-000004,Ecom Express,delivered,2026-06-13T09:39,Lake Dennisbury
KW-TRK-0000005,KW-O-000005,Delhivery,in_transit,2026-06-07T00:18,North Tina
KW-TRK-0000006,KW-O-000006,Ecom Express,exception,2026-06-07T05:21,Nicholsville
KW-TRK-0000007,KW-O-000007,Bluedart,returned_to_origin,2026-07-25T07:55,Lake Michael
KW-TRK-0000008,KW-O-000008,Ecom Express,delivery_attempted,2026-07-04T06:14,South Joseph
KW-TRK-0000009,KW-O-000009,Ecom Express,delivery_attempted,2026-06-22T17:45,South Christinefort
KW-TRK-0000010,KW-O-000010,XpressBees,returned_to_origin,2026-06-02T09:33,Brownburgh
KW-TRK-0000011,KW-O-000011,XpressBees,delivered,2026-06-19T20:18,New Shaneton
KW-TRK-0000012,KW-O-000012,IndiaPost,delivered,2026-06-04T17:46,Thomasberg
KW-TRK-0000013,KW-O-000013,IndiaPost,out_for_delivery,2026-07-21T22:36,Lake Michaelview
KW-TRK-0000014,KW-O-000014,Delhivery,returned_to_origin,2026-07-03T23:28,Staceytown
KW-TRK-0000015,KW-O-000015,Bluedart,delivery_attempted,2026-06-18T06:40,Jordanberg
KW-TRK-0000016,KW-O-000016,Ecom Express,delivered,2026-06-24T02:14,Lewismouth
KW-TRK-0000017,KW-O-000017,Delhivery,in_transit,2026-07-08T08:12,Amandaport
KW-TRK-0000018,KW-O-000018,Delhivery,returned_to_origin,2026-07-07T09:33,Jessehaven
KW-TRK-0000019,KW-O-000019,Bluedart,delivered,2026-07-08T06:40,Thomasside
KW-TRK-0000020,KW-O-000020,Bluedart,in_transit,2026-06-20T16:18,Michelleton
KW-TRK-0000021,KW-O-000021,Ecom Express,out_for_delivery,2026-06-26T22:16,Brianaland
KW-TRK-0000022,KW-O-000022,IndiaPost,in_transit,2026-06-11T07:04,New Robertburgh
KW-TRK-0000023,KW-O-000023,IndiaPost,returned_to_origin,2026-07-21T21:43,East Tina
KW-TRK-0000024,KW-O-000024,IndiaPost,exception,2026-07-05T22:08,Port Howard
KW-TRK-0000025,KW-O-000025,Bluedart,exception,2026-07-07T11:13,Chandlermouth
KW-TRK-0000026,KW-O-000026,Bluedart,out_for_delivery,2026-06-14T01:28,North Sophiashire
KW-TRK-0000027,KW-O-000027,XpressBees,exception,2026-06-28T07:41,Ballardfurt
KW-TRK-0000028,KW-O-000028,Bluedart,returned_to_origin,2026-06-04T18:07,Taylormouth
KW-TRK-0000029,KW-O-000029,Ecom Express,exception,2026-06-11T08:44,North Larry
KW-TRK-0000030,KW-O-000030,Ecom Express,in_transit,2026-06-14T17:20,Lake Russell
KW-TRK-0000031,KW-O-000031,Bluedart,exception,2026-06-02T16:33,Victorburgh
KW-TRK-0000032,KW-O-000032,IndiaPost,delivered,2026-06-06T10:12,Richardbury
KW-TRK-0000033,KW-O-000033,Ecom Express,exception,2026-07-08T15:44,Valerieland
KW-TRK-0000034,KW-O-000034,Bluedart,delivered,2026-07-13T21:53,Shannonville
KW-TRK-0000035,KW-O-000035,XpressBees,returned_to_origin,2026-06-23T00:57,Andrewton
KW-TRK-0000036,KW-O-000036,Delhivery,out_for_delivery,2026-07-18T06:45,Lake Nathanielburgh
KW-TRK-0000037,KW-O-000037,IndiaPost,exception,2026-06-16T11:48,New Alexandermouth
KW-TRK-0000038,KW-O-000038,IndiaPost,returned_to_origin,2026-07-27T21:15,Torresshire
KW-TRK-0000039,KW-O-000039,XpressBees,delivered,2026-07-15T21:05,Micheleburgh
KW-TRK-0000040,KW-O-000040,Delhivery,returned_to_origin,2026-07-17T13:37,Lake Christine
KW-TRK-0000041,KW-O-000041,XpressBees,out_for_delivery,2026-06-06T10:57,New Jeffery
KW-TRK-0000042,KW-O-000042,XpressBees,out_for_delivery,2026-07-08T06:18,Collinberg
KW-TRK-0000043,KW-O-000043,Delhivery,out_for_delivery,2026-07-30T21:27,Audreymouth
KW-TRK-0000044,KW-O-000044,Bluedart,delivery_attempted,2026-06-07T08:23,New Eduardo
KW-TRK-0000045,KW-O-000045,Ecom Express,delivery_attempted,2026-06-21T15:59,Johnsonton
KW-TRK-0000046,KW-O-000046,IndiaPost,in_transit,2026-07-14T23:47,Port Sarahport
KW-TRK-0000047,KW-O-000047,Bluedart,out_for_delivery,2026-07-01T15:56,West Feliciashire
KW-TRK-0000048,KW-O-000048,Bluedart,out_for_delivery,2026-07-18T16:54,North Tyler
KW-TRK-0000049,KW-O-000049,Delhivery,returned_to_origin,2026-07-01T05:14,New Samantha
KW-TRK-0000050,KW-O-000050,XpressBees,in_transit,2026-06-15T16:00,Mcfarlandside
KW-TRK-0000051,KW-O-000051,Ecom Express,returned_to_origin,2026-06-09T02:59,Bowersville
KW-TRK-0000052,KW-O-000052,XpressBees,out_for_delivery,2026-07-14T03:33,West Johnberg
KW-TRK-0000053,KW-O-000053,IndiaPost,returned_to_origin,2026-06-30T06:08,Port Travis
KW-TRK-0000054,KW-O-000054,Delhivery,delivery_attempted,2026-07-01T06:10,Williamston
KW-TRK-0000055,KW-O-000055,Delhivery,delivery_attempted,2026-07-06T08:25,Cochranshire
KW-TRK-0000056,KW-O-000056,Delhivery,in_transit,2026-07-02T02:34,Port Aprilmouth
KW-TRK-0000057,KW-O-000057,Ecom Express,exception,2026-07-30T06:12,Shermanborough
KW-TRK-0000058,KW-O-000058,Ecom Express,delivered,2026-07-13T05:19,Lukemouth
KW-TRK-0000059,KW-O-000059,XpressBees,in_transit,2026-07-08T02:52,West Sheryl
KW-TRK-0000060,KW-O-000060,Bluedart,returned_to_origin,2026-07-29T01:01,Powellfurt
KW-TRK-0000061,KW-O-000061,Ecom Express,in_transit,2026-06-30T21:00,South Andrewville
KW-TRK-0000062,KW-O-000062,IndiaPost,exception,2026-06-24T23:15,Annafurt
KW-TRK-0000063,KW-O-000063,Bluedart,returned_to_origin,2026-07-15T20:19,Tylerport
KW-TRK-0000064,KW-O-000064,XpressBees,returned_to_origin,2026-07-28T14:01,New Marieborough
KW-TRK-0000065,KW-O-000065,IndiaPost,delivery_attempted,2026-06-24T12:53,West Patriciashire
KW-TRK-0000066,KW-O-000066,Delhivery,exception,2026-06-06T21:02,Lake Lee
KW-TRK-0000067,KW-O-000067,Delhivery,out_for_delivery,2026-06-03T03:15,New Anthonyport
KW-TRK-0000068,KW-O-000068,Ecom Express,out_for_delivery,2026-06-22T18:46,Lopezside
KW-TRK-0000069,KW-O-000069,Delhivery,out_for_delivery,2026-07-22T16:22,Port Marciachester
KW-TRK-0000070,KW-O-000070,XpressBees,exception,2026-06-25T14:38,New Nathan
KW-TRK-0000071,KW-O-000071,Bluedart,exception,2026-07-27T17:11,East Coreyburgh
KW-TRK-0000072,KW-O-000072,IndiaPost,in_transit,2026-06-16T11:17,Lake Luke
KW-TRK-0000073,KW-O-000073,Ecom Express,in_transit,2026-07-31T15:45,South Jamie
KW-TRK-0000074,KW-O-000074,Delhivery,delivery_attempted,2026-06-03T22:38,North Sandraborough
KW-TRK-0000075,KW-O-000075,Ecom Express,in_transit,2026-06-04T17:30,West Adambury
KW-TRK-0000076,KW-O-000076,Ecom Express,out_for_delivery,2026-07-25T09:54,Traceyfurt
KW-TRK-0000077,KW-O-000077,IndiaPost,delivery_attempted,2026-07-14T00:02,West Samantha
KW-TRK-0000078,KW-O-000078,XpressBees,delivered,2026-07-17T17:53,Williamsberg
KW-TRK-0000079,KW-O-000079,Bluedart,delivery_attempted,2026-06-17T05:07,New Elizabeth
KW-TRK-0000080,KW-O-000080,IndiaPost,in_transit,2026-06-17T22:16,Beckerport
KW-TRK-0000081,KW-O-000081,IndiaPost,delivered,2026-07-18T15:37,Lake Jill
KW-TRK-0000082,KW-O-000082,XpressBees,returned_to_origin,2026-07-13T00:05,Roberttown
KW-TRK-0000083,KW-O-000083,IndiaPost,out_for_delivery,2026-07-12T12:07,Colonfurt
KW-TRK-0000084,KW-O-000084,XpressBees,in_transit,2026-07-07T00:41,Meganborough
KW-TRK-0000085,KW-O-000085,Delhivery,delivery_attempted,2026-06-21T03:57,Kingtown
KW-TRK-0000086,KW-O-000086,XpressBees,in_transit,2026-07-26T05:40,Williamsmouth
KW-TRK-0000087,KW-O-000087,XpressBees,out_for_delivery,2026-06-21T21:56,Lake Hannah
KW-TRK-0000088,KW-O-000088,Delhivery,in_transit,2026-07-27T03:46,Lake Dannyburgh
KW-TRK-0000089,KW-O-000089,IndiaPost,in_transit,2026-06-11T10:33,Jonesside
KW-TRK-0000090,KW-O-000090,XpressBees,returned_to_origin,2026-07-24T23:58,Garyview
KW-TRK-0000091,KW-O-000091,Delhivery,delivered,2026-07-17T10:31,Mitchellport
KW-TRK-0000092,KW-O-000092,IndiaPost,in_transit,2026-07-17T16:31,Melissaview
KW-TRK-0000093,KW-O-000093,Ecom Express,in_transit,2026-07-23T05:09,Port Davidborough
KW-TRK-0000094,KW-O-000094,IndiaPost,out_for_delivery,2026-06-12T12:03,New Meghanborough
KW-TRK-0000095,KW-O-000095,Bluedart,returned_to_origin,2026-07-21T14:24,New Wendy
KW-TRK-0000096,KW-O-000096,IndiaPost,out_for_delivery,2026-07-11T13:50,Mendozaville
KW-TRK-0000097,KW-O-000097,IndiaPost,returned_to_origin,2026-06-19T06:08,North Marissa
KW-TRK-0000098,KW-O-000098,XpressBees,exception,2026-06-08T23:30,North Kathryn
KW-TRK-0000099,KW-O-000099,IndiaPost,returned_to_origin,2026-07-28T02:28,East Ryanstad
KW-TRK-0000100,KW-O-000100,IndiaPost,in_transit,2026-06-03T17:05,Rodgersmouth
KW-TRK-0000101,KW-O-000101,IndiaPost,delivery_attempted,2026-07-21T07:52,Lake Sarahborough
KW-TRK-0000102,KW-O-000102,XpressBees,in_transit,2026-06-17T20:57,Lake Louis
KW-TRK-0000103,KW-O-000103,IndiaPost,returned_to_origin,2026-06-06T22:24,East Matthewview
KW-TRK-0000104,KW-O-000104,Ecom Express,exception,2026-06-18T05:49,West Steven
KW-TRK-0000105,KW-O-000105,Ecom Express,out_for_delivery,2026-07-25T05:18,South Normanport
KW-TRK-0000106,KW-O-000106,Ecom Express,delivery_attempted,2026-07-03T16:32,East Jackborough
KW-TRK-0000107,KW-O-000107,XpressBees,in_transit,2026-07-13T09:00,Dianemouth
KW-TRK-0000108,KW-O-000108,XpressBees,in_transit,2026-07-16T00:36,Port Scottbury
KW-TRK-0000109,KW-O-000109,XpressBees,out_for_delivery,2026-06-17T14:19,Angelaberg
KW-TRK-0000110,KW-O-000110,Ecom Express,in_transit,2026-07-31T17:04,Brianland
KW-TRK-0000111,KW-O-000111,XpressBees,delivery_attempted,2026-07-31T01:35,Holmestown
KW-TRK-0000112,KW-O-000112,IndiaPost,in_transit,2026-06-23T10:30,Lake Sarah
KW-TRK-0000113,KW-O-000113,Bluedart,in_transit,2026-07-26T12:19,Benjaminville
KW-TRK-0000114,KW-O-000114,Bluedart,returned_to_origin,2026-06-22T23:17,North Patrick
KW-TRK-0000115,KW-O-000115,Ecom Express,returned_to_origin,2026-06-02T19:13,Port Paulshire
KW-TRK-0000116,KW-O-000116,XpressBees,returned_to_origin,2026-07-05T22:38,Port Jeffreyton
KW-TRK-0000117,KW-O-000117,Ecom Express,delivered,2026-07-23T21:38,North Deborahfort
KW-TRK-0000118,KW-O-000118,IndiaPost,returned_to_origin,2026-07-28T01:23,Campbellfurt
KW-TRK-0000119,KW-O-000119,Bluedart,delivered,2026-07-24T05:16,Kentbury
KW-TRK-0000120,KW-O-000120,Delhivery,out_for_delivery,2026-06-27T03:08,Salazarstad
KW-TRK-0000121,KW-O-000121,IndiaPost,delivered,2026-07-24T17:23,Mendozaberg
KW-TRK-0000122,KW-O-000122,IndiaPost,exception,2026-07-16T19:54,Herrerastad
KW-TRK-0000123,KW-O-000123,Delhivery,delivery_attempted,2026-06-08T04:31,East Justin
KW-TRK-0000124,KW-O-000124,Delhivery,in_transit,2026-06-23T09:36,South Yvette
KW-TRK-0000125,KW-O-000125,Bluedart,exception,2026-07-21T08:13,West Jody
KW-TRK-0000126,KW-O-000126,Bluedart,delivery_attempted,2026-07-13T09:29,Trujilloberg
KW-TRK-0000127,KW-O-000127,IndiaPost,delivered,2026-06-07T19:45,South Robertside
KW-TRK-0000128,KW-O-000128,Ecom Express,exception,2026-07-31T04:42,South David
KW-TRK-0000129,KW-O-000129,XpressBees,delivery_attempted,2026-07-01T20:39,Jaredfurt
KW-TRK-0000130,KW-O-000130,Delhivery,exception,2026-06-04T17:36,Stephensonmouth
KW-TRK-0000131,KW-O-000131,XpressBees,delivery_attempted,2026-07-26T08:03,Wallacefurt
KW-TRK-0000132,KW-O-000132,Bluedart,exception,2026-06-22T22:10,Coxmouth
KW-TRK-0000133,KW-O-000133,IndiaPost,returned_to_origin,2026-06-19T04:04,Andersonhaven
KW-TRK-0000134,KW-O-000134,Ecom Express,exception,2026-06-25T19:03,East Jay
KW-TRK-0000135,KW-O-000135,IndiaPost,in_transit,2026-06-14T16:17,New James
KW-TRK-0000136,KW-O-000136,IndiaPost,exception,2026-07-23T10:23,Rachelside
KW-TRK-0000137,KW-O-000137,XpressBees,delivery_attempted,2026-06-04T14:53,Brooksport
KW-TRK-0000138,KW-O-000138,Ecom Express,in_transit,2026-07-04T18:25,South Donald
KW-TRK-0000139,KW-O-000139,Ecom Express,delivery_attempted,2026-07-24T20:29,New Deniseport
KW-TRK-0000140,KW-O-000140,Bluedart,out_for_delivery,2026-07-15T01:21,Williamsborough
KW-TRK-0000141,KW-O-000141,Delhivery,exception,2026-06-09T22:20,Andreaburgh
KW-TRK-0000142,KW-O-000142,Ecom Express,out_for_delivery,2026-06-13T23:19,Gileschester
KW-TRK-0000143,KW-O-000143,IndiaPost,exception,2026-07-05T05:06,South Andrew
KW-TRK-0000144,KW-O-000144,IndiaPost,out_for_delivery,2026-06-28T14:22,South Ashley
KW-TRK-0000145,KW-O-000145,IndiaPost,returned_to_origin,2026-07-30T20:26,West Tonya
KW-TRK-0000146,KW-O-000146,Ecom Express,exception,2026-06-26T20:16,Lake Richard
KW-TRK-0000147,KW-O-000147,Delhivery,out_for_delivery,2026-06-13T04:08,East Robert
KW-TRK-0000148,KW-O-000148,IndiaPost,returned_to_origin,2026-06-17T19:36,Sanchezberg
KW-TRK-0000149,KW-O-000149,IndiaPost,out_for_delivery,2026-06-06T03:55,Stewarthaven
KW-TRK-0000150,KW-O-000150,Ecom Express,exception,2026-08-01T05:55,Lake Coltonland
KW-TRK-0000151,KW-O-000151,IndiaPost,delivery_attempted,2026-07-14T13:55,North Alanton
KW-TRK-0000152,KW-O-000152,Delhivery,in_transit,2026-07-23T15:02,Melissamouth
KW-TRK-0000153,KW-O-000153,Ecom Express,in_transit,2026-07-15T03:30,Jamesberg
KW-TRK-0000154,KW-O-000154,XpressBees,delivered,2026-07-11T07:20,West Mary
KW-TRK-0000155,KW-O-000155,Ecom Express,in_transit,2026-06-13T12:48,Cindymouth
KW-TRK-0000156,KW-O-000156,Ecom Express,delivery_attempted,2026-07-15T23:17,Alvarezburgh
KW-TRK-0000157,KW-O-000157,Ecom Express,delivery_attempted,2026-07-09T20:53,Kevinside
KW-TRK-0000158,KW-O-000158,Delhivery,in_transit,2026-07-30T14:51,East Frank
KW-TRK-0000159,KW-O-000159,XpressBees,exception,2026-07-19T12:56,New Reneechester
KW-TRK-0000160,KW-O-000160,XpressBees,exception,2026-07-03T02:45,New Andrea
KW-TRK-0000161,KW-O-000161,IndiaPost,delivered,2026-06-14T12:46,Gravesview
KW-TRK-0000162,KW-O-000162,Ecom Express,delivered,2026-07-01T13:40,North Elizabeth
KW-TRK-0000163,KW-O-000163,Delhivery,delivered,2026-07-04T19:30,South Colton
KW-TRK-0000164,KW-O-000164,XpressBees,delivery_attempted,2026-07-11T09:29,East Nicolefort
KW-TRK-0000165,KW-O-000165,IndiaPost,out_for_delivery,2026-07-31T14:42,Woodstown
KW-TRK-0000166,KW-O-000166,Delhivery,returned_to_origin,2026-07-31T07:38,Sarahshire
KW-TRK-0000167,KW-O-000167,Bluedart,delivery_attempted,2026-06-18T02:31,South Patricia
KW-TRK-0000168,KW-O-000168,Delhivery,exception,2026-07-13T03:43,Pottsshire
KW-TRK-0000169,KW-O-000169,IndiaPost,returned_to_origin,2026-06-28T17:11,Nicoleland
KW-TRK-0000170,KW-O-000170,Bluedart,delivery_attempted,2026-06-04T15:41,Caseyberg
KW-TRK-0000171,KW-O-000171,Bluedart,delivered,2026-06-27T14:20,Ericaberg
KW-TRK-0000172,KW-O-000172,Bluedart,out_for_delivery,2026-07-22T13:08,Port Susanborough
KW-TRK-0000173,KW-O-000173,Delhivery,delivery_attempted,2026-06-25T00:49,Kellyland
KW-TRK-0000174,KW-O-000174,XpressBees,delivery_attempted,2026-07-24T13:34,Carriefort
KW-TRK-0000175,KW-O-000175,XpressBees,out_for_delivery,2026-06-25T08:18,New Patriciachester
KW-TRK-0000176,KW-O-000176,XpressBees,out_for_delivery,2026-06-22T01:45,West Melissa
KW-TRK-0000177,KW-O-000177,XpressBees,exception,2026-07-31T04:40,New Juan
KW-TRK-0000178,KW-O-000178,XpressBees,delivery_attempted,2026-06-15T18:09,South Lucasburgh
KW-TRK-0000179,KW-O-000179,Delhivery,delivered,2026-06-26T22:15,Lake Johnport
KW-TRK-0000180,KW-O-000180,IndiaPost,exception,2026-07-21T00:23,Shanechester
KW-TRK-0000181,KW-O-000181,IndiaPost,out_for_delivery,2026-07-27T00:52,Billymouth
KW-TRK-0000182,KW-O-000182,IndiaPost,delivery_attempted,2026-06-10T19:26,West Andreaberg
KW-TRK-0000183,KW-O-000183,Bluedart,out_for_delivery,2026-07-07T08:47,Lake Ashleyport
KW-TRK-0000184,KW-O-000184,IndiaPost,delivered,2026-07-20T15:38,Gonzalezfort
KW-TRK-0000185,KW-O-000185,Ecom Express,exception,2026-07-26T05:24,Priceview
KW-TRK-0000186,KW-O-000186,Bluedart,returned_to_origin,2026-07-02T16:22,Rogershaven
KW-TRK-0000187,KW-O-000187,Delhivery,delivery_attempted,2026-06-10T01:33,Russellmouth
KW-TRK-0000188,KW-O-000188,Ecom Express,returned_to_origin,2026-06-17T23:59,West Jennifer
KW-TRK-0000189,KW-O-000189,IndiaPost,out_for_delivery,2026-07-19T01:54,South Juan
KW-TRK-0000190,KW-O-000190,Delhivery,exception,2026-07-07T20:59,South Samanthaland
KW-TRK-0000191,KW-O-000191,Bluedart,exception,2026-07-11T02:14,Michelleville
KW-TRK-0000192,KW-O-000192,Bluedart,in_transit,2026-06-09T20:46,Port Davidville
KW-TRK-0000193,KW-O-000193,Delhivery,delivery_attempted,2026-07-12T10:24,North Gregory
KW-TRK-0000194,KW-O-000194,Ecom Express,delivery_attempted,2026-06-05T21:45,East Ashleybury
KW-TRK-0000195,KW-O-000195,XpressBees,delivery_attempted,2026-06-09T16:51,Port Charlestown
KW-TRK-0000196,KW-O-000196,Ecom Express,returned_to_origin,2026-06-05T21:29,Mollyland
KW-TRK-0000197,KW-O-000197,XpressBees,in_transit,2026-06-02T23:48,New Connie
KW-TRK-0000198,KW-O-000198,Bluedart,returned_to_origin,2026-06-12T16:52,Welchmouth
KW-TRK-0000199,KW-O-000199,IndiaPost,delivery_attempted,2026-07-06T21:38,New Davidberg
KW-TRK-0000200,KW-O-000200,XpressBees,delivered,2026-07-02T08:48,Lake Sara
KW-TRK-0000201,KW-O-000201,Ecom Express,delivered,2026-06-26T12:19,North Jennifer
KW-TRK-0000202,KW-O-000202,Bluedart,in_transit,2026-06-11T16:53,North Ryanbury
KW-TRK-0000203,KW-O-000203,IndiaPost,returned_to_origin,2026-06-28T11:16,North Jennifer
KW-TRK-0000204,KW-O-000204,IndiaPost,out_for_delivery,2026-07-20T00:54,Floreshaven
KW-TRK-0000205,KW-O-000205,Ecom Express,exception,2026-06-17T13:08,South Lisa
KW-TRK-0000206,KW-O-000206,Bluedart,exception,2026-07-02T22:31,Jacobsburgh
KW-TRK-0000207,KW-O-000207,Delhivery,exception,2026-06-15T01:09,Robertsshire
KW-TRK-0000208,KW-O-000208,Ecom Express,exception,2026-07-25T18:24,South Jacksontown
KW-TRK-0000209,KW-O-000209,XpressBees,returned_to_origin,2026-07-16T19:37,East Terriview
KW-TRK-0000210,KW-O-000210,Delhivery,in_transit,2026-07-20T19:55,New Barbara
KW-TRK-0000211,KW-O-000211,Delhivery,out_for_delivery,2026-06-12T23:00,Lake David
KW-TRK-0000212,KW-O-000212,IndiaPost,delivery_attempted,2026-07-08T15:21,East Jacobmouth
KW-TRK-0000213,KW-O-000213,IndiaPost,returned_to_origin,2026-06-12T15:58,East Ralph
KW-TRK-0000214,KW-O-000214,Bluedart,exception,2026-07-15T19:35,Carolynhaven
KW-TRK-0000215,KW-O-000215,Bluedart,exception,2026-07-24T01:08,Jefferyview
KW-TRK-0000216,KW-O-000216,IndiaPost,in_transit,2026-06-13T19:49,Jillhaven
KW-TRK-0000217,KW-O-000217,IndiaPost,in_transit,2026-06-23T02:15,Lake Pamelaview
KW-TRK-0000218,KW-O-000218,Ecom Express,in_transit,2026-06-16T15:07,Karenland
KW-TRK-0000219,KW-O-000219,Ecom Express,in_transit,2026-06-04T13:18,North Troyton
KW-TRK-0000220,KW-O-000220,IndiaPost,delivered,2026-06-19T11:26,Millermouth
KW-TRK-0000221,KW-O-000221,Delhivery,delivery_attempted,2026-07-13T04:53,Lake Emilymouth
KW-TRK-0000222,KW-O-000222,Ecom Express,out_for_delivery,2026-07-02T11:36,Helenland
KW-TRK-0000223,KW-O-000223,XpressBees,exception,2026-07-02T03:26,Jessicamouth
KW-TRK-0000224,KW-O-000224,IndiaPost,delivered,2026-06-15T23:34,Howardfort
KW-TRK-0000225,KW-O-000225,IndiaPost,exception,2026-07-06T22:50,Victorfort
KW-TRK-0000226,KW-O-000226,Bluedart,delivered,2026-06-21T01:28,Amyborough
KW-TRK-0000227,KW-O-000227,Ecom Express,delivery_attempted,2026-07-19T23:35,New George
KW-TRK-0000228,KW-O-000228,Ecom Express,in_transit,2026-06-10T07:21,Robertmouth
KW-TRK-0000229,KW-O-000229,IndiaPost,in_transit,2026-06-17T14:44,Sandrafurt
KW-TRK-0000230,KW-O-000230,XpressBees,delivered,2026-07-28T00:13,Meltonmouth
KW-TRK-0000231,KW-O-000231,Ecom Express,out_for_delivery,2026-07-25T17:16,Hernandezfurt
KW-TRK-0000232,KW-O-000232,XpressBees,exception,2026-07-20T18:39,Herringberg
KW-TRK-0000233,KW-O-000233,Ecom Express,delivered,2026-07-30T13:56,Patrickberg
KW-TRK-0000234,KW-O-000234,XpressBees,delivery_attempted,2026-07-03T02:19,Diazchester
KW-TRK-0000235,KW-O-000235,XpressBees,exception,2026-06-20T13:25,East Brittany
KW-TRK-0000236,KW-O-000236,Bluedart,delivered,2026-06-09T03:32,East Cody
KW-TRK-0000237,KW-O-000237,Ecom Express,delivered,2026-06-18T06:20,Kennedyview
KW-TRK-0000238,KW-O-000238,XpressBees,exception,2026-06-18T08:45,Jamesfort
KW-TRK-0000239,KW-O-000239,Delhivery,in_transit,2026-06-11T23:36,Mooreside
KW-TRK-0000240,KW-O-000240,IndiaPost,delivered,2026-06-24T19:15,Jeremyfort
KW-TRK-0000241,KW-O-000241,Bluedart,exception,2026-06-26T06:26,Reynoldsburgh
KW-TRK-0000242,KW-O-000242,Delhivery,returned_to_origin,2026-07-20T10:27,Costaton
KW-TRK-0000243,KW-O-000243,IndiaPost,exception,2026-06-29T11:42,Suzanneland
KW-TRK-0000244,KW-O-000244,Ecom Express,exception,2026-06-30T06:22,Janiceport
KW-TRK-0000245,KW-O-000245,Delhivery,out_for_delivery,2026-06-16T11:59,East April
KW-TRK-0000246,KW-O-000246,XpressBees,exception,2026-07-02T09:12,Larachester
KW-TRK-0000247,KW-O-000247,Ecom Express,exception,2026-07-16T16:50,Smithport
KW-TRK-0000248,KW-O-000248,XpressBees,delivery_attempted,2026-07-20T19:29,West Crystal
KW-TRK-0000249,KW-O-000249,Ecom Express,exception,2026-06-07T14:20,Carrberg
KW-TRK-0000250,KW-O-000250,Ecom Express,delivery_attempted,2026-07-16T11:52,Matthewstad
KW-TRK-0000251,KW-O-000251,Delhivery,delivered,2026-07-10T13:33,West Annette
KW-TRK-0000252,KW-O-000252,Ecom Express,returned_to_origin,2026-07-19T01:24,Brownmouth
KW-TRK-0000253,KW-O-000253,Delhivery,exception,2026-07-21T21:14,Robertborough
KW-TRK-0000254,KW-O-000254,Delhivery,exception,2026-07-01T02:18,Haleymouth
KW-TRK-0000255,KW-O-000255,Bluedart,returned_to_origin,2026-06-03T08:42,Buchananside
KW-TRK-0000256,KW-O-000256,IndiaPost,delivery_attempted,2026-06-09T14:32,Barbaramouth
KW-TRK-0000257,KW-O-000257,Bluedart,in_transit,2026-07-30T06:47,East Tammy
KW-TRK-0000258,KW-O-000258,XpressBees,delivery_attempted,2026-07-26T15:38,Lake Brittany
KW-TRK-0000259,KW-O-000259,Ecom Express,delivered,2026-06-19T05:50,Port Lori
KW-TRK-0000260,KW-O-000260,XpressBees,returned_to_origin,2026-06-18T09:34,Elliotttown
KW-TRK-0000261,KW-O-000261,XpressBees,returned_to_origin,2026-06-26T10:01,Williamville
KW-TRK-0000262,KW-O-000262,Bluedart,delivery_attempted,2026-06-27T14:04,Christensenmouth
KW-TRK-0000263,KW-O-000263,Delhivery,in_transit,2026-06-14T20:50,New Travisview
KW-TRK-0000264,KW-O-000264,XpressBees,out_for_delivery,2026-07-13T12:13,South Perryborough
KW-TRK-0000265,KW-O-000265,Ecom Express,returned_to_origin,2026-07-06T05:25,Jenniferstad
KW-TRK-0000266,KW-O-000266,XpressBees,delivery_attempted,2026-06-07T06:14,South Johntown
KW-TRK-0000267,KW-O-000267,Delhivery,delivered,2026-07-22T10:42,Michaelfort
KW-TRK-0000268,KW-O-000268,XpressBees,in_transit,2026-06-02T13:06,Port Joseph
KW-TRK-0000269,KW-O-000269,Ecom Express,exception,2026-07-07T16:32,Toddmouth
KW-TRK-0000270,KW-O-000270,IndiaPost,returned_to_origin,2026-07-28T00:07,Port Lisa
KW-TRK-0000271,KW-O-000271,XpressBees,in_transit,2026-07-07T11:43,New Cassie
KW-TRK-0000272,KW-O-000272,XpressBees,exception,2026-06-27T17:16,Jessicaborough
KW-TRK-0000273,KW-O-000273,Delhivery,delivered,2026-07-06T10:17,Johnfurt
KW-TRK-0000274,KW-O-000274,IndiaPost,delivered,2026-06-13T17:34,Haynestown
KW-TRK-0000275,KW-O-000275,Delhivery,out_for_delivery,2026-06-30T05:20,Joseberg
KW-TRK-0000276,KW-O-000276,Delhivery,delivered,2026-06-29T02:20,Anthonychester
KW-TRK-0000277,KW-O-000277,Bluedart,exception,2026-07-17T18:06,West Stevenberg
KW-TRK-0000278,KW-O-000278,Bluedart,returned_to_origin,2026-06-04T07:51,Garrettside
KW-TRK-0000279,KW-O-000279,IndiaPost,exception,2026-06-23T09:22,New Sean
KW-TRK-0000280,KW-O-000280,Bluedart,exception,2026-06-25T14:42,Danielview
KW-TRK-0000281,KW-O-000281,XpressBees,delivered,2026-07-31T15:13,Hillmouth
KW-TRK-0000282,KW-O-000282,Ecom Express,out_for_delivery,2026-07-03T16:53,Frankberg
KW-TRK-0000283,KW-O-000283,IndiaPost,returned_to_origin,2026-06-28T12:56,Stephanieville
KW-TRK-0000284,KW-O-000284,Ecom Express,returned_to_origin,2026-06-04T08:53,Port Markfort
KW-TRK-0000285,KW-O-000285,IndiaPost,out_for_delivery,2026-06-14T08:48,Donaldfurt
KW-TRK-0000286,KW-O-000286,Delhivery,returned_to_origin,2026-06-18T06:04,Lake Ryanmouth
KW-TRK-0000287,KW-O-000287,Bluedart,exception,2026-06-12T03:46,Thompsonton
KW-TRK-0000288,KW-O-000288,Bluedart,out_for_delivery,2026-07-10T13:48,Marioshire
KW-TRK-0000289,KW-O-000289,Ecom Express,exception,2026-06-17T03:37,New Brianberg
KW-TRK-0000290,KW-O-000290,Bluedart,exception,2026-07-21T23:24,Brownland
KW-TRK-0000291,KW-O-000291,Bluedart,delivered,2026-06-27T05:35,East Curtis
KW-TRK-0000292,KW-O-000292,Ecom Express,delivery_attempted,2026-07-26T03:02,Lake Jimmy
KW-TRK-0000293,KW-O-000293,XpressBees,returned_to_origin,2026-06-23T11:36,Teresamouth
KW-TRK-0000294,KW-O-000294,IndiaPost,exception,2026-07-16T14:55,South Matthewland
KW-TRK-0000295,KW-O-000295,Bluedart,delivery_attempted,2026-06-08T00:42,Moraleston
KW-TRK-0000296,KW-O-000296,Ecom Express,in_transit,2026-07-15T11:28,Mayfurt
KW-TRK-0000297,KW-O-000297,Bluedart,returned_to_origin,2026-07-08T09:33,New Mackenzie
KW-TRK-0000298,KW-O-000298,Bluedart,exception,2026-07-11T10:08,South Erik
KW-TRK-0000299,KW-O-000299,Delhivery,delivery_attempted,2026-06-23T11:22,Jeremyton
KW-TRK-0000300,KW-O-000300,Delhivery,delivery_attempted,2026-07-11T15:56,North Dawnbury
KW-TRK-0000301,KW-O-000301,Delhivery,delivered,2026-06-22T00:03,Williamsbury
KW-TRK-0000302,KW-O-000302,Delhivery,delivery_attempted,2026-07-04T20:55,East Stephanie
KW-TRK-0000303,KW-O-000303,IndiaPost,out_for_delivery,2026-06-02T16:43,New Luis
KW-TRK-0000304,KW-O-000304,IndiaPost,returned_to_origin,2026-07-23T08:58,Avilafurt
KW-TRK-0000305,KW-O-000305,Bluedart,delivered,2026-07-20T01:19,New Kathyfort
KW-TRK-0000306,KW-O-000306,Bluedart,delivery_attempted,2026-07-22T05:21,Lake Jenniferchester
KW-TRK-0000307,KW-O-000307,XpressBees,exception,2026-06-25T20:00,North Jameston
KW-TRK-0000308,KW-O-000308,IndiaPost,returned_to_origin,2026-07-22T13:57,East Brandi
KW-TRK-0000309,KW-O-000309,IndiaPost,delivery_attempted,2026-07-04T07:11,West Jacquelineshire
KW-TRK-0000310,KW-O-000310,Delhivery,exception,2026-06-20T21:37,Williamburgh
KW-TRK-0000311,KW-O-000311,XpressBees,returned_to_origin,2026-07-14T13:49,Lewisside
KW-TRK-0000312,KW-O-000312,Delhivery,delivery_attempted,2026-07-27T07:12,Lake Julieport
KW-TRK-0000313,KW-O-000313,Bluedart,returned_to_origin,2026-07-01T13:18,Angelahaven
KW-TRK-0000314,KW-O-000314,Ecom Express,delivered,2026-06-28T08:48,Mooreborough
KW-TRK-0000315,KW-O-000315,Bluedart,exception,2026-07-29T07:00,Matthewmouth
KW-TRK-0000316,KW-O-000316,XpressBees,exception,2026-06-24T04:11,Philipport
KW-TRK-0000317,KW-O-000317,XpressBees,delivered,2026-07-16T07:06,Johnsonhaven
KW-TRK-0000318,KW-O-000318,XpressBees,out_for_delivery,2026-07-23T13:42,Harrisville
KW-TRK-0000319,KW-O-000319,Delhivery,delivery_attempted,2026-06-16T15:05,South Lindaborough
KW-TRK-0000320,KW-O-000320,XpressBees,in_transit,2026-06-12T03:26,Port Ashley
KW-TRK-0000321,KW-O-000321,IndiaPost,delivered,2026-06-12T12:52,Marissaborough
KW-TRK-0000322,KW-O-000322,Ecom Express,returned_to_origin,2026-07-28T10:10,Michaelton
KW-TRK-0000323,KW-O-000323,Ecom Express,out_for_delivery,2026-07-19T03:22,New Pamela
KW-TRK-0000324,KW-O-000324,Ecom Express,delivery_attempted,2026-07-25T03:12,Jaytown
KW-TRK-0000325,KW-O-000325,IndiaPost,in_transit,2026-07-07T10:27,Alexanderburgh
KW-TRK-0000326,KW-O-000326,Ecom Express,exception,2026-06-24T02:40,Jamiefurt
KW-TRK-0000327,KW-O-000327,Delhivery,out_for_delivery,2026-06-09T05:41,Stephenfurt
KW-TRK-0000328,KW-O-000328,IndiaPost,returned_to_origin,2026-06-24T11:37,South Timothy
KW-TRK-0000329,KW-O-000329,Bluedart,exception,2026-06-23T01:42,Laurabury
KW-TRK-0000330,KW-O-000330,Ecom Express,delivery_attempted,2026-07-04T08:42,New Danieltown
KW-TRK-0000331,KW-O-000331,IndiaPost,in_transit,2026-08-01T04:59,New Brendantown
KW-TRK-0000332,KW-O-000332,IndiaPost,exception,2026-06-11T13:49,Sarahport
KW-TRK-0000333,KW-O-000333,IndiaPost,delivery_attempted,2026-07-07T09:40,Jamesshire
KW-TRK-0000334,KW-O-000334,Bluedart,out_for_delivery,2026-06-13T07:16,North Brian
KW-TRK-0000335,KW-O-000335,Bluedart,in_transit,2026-06-06T13:58,Lake James
KW-TRK-0000336,KW-O-000336,Delhivery,delivery_attempted,2026-07-23T16:07,Harmonstad
KW-TRK-0000337,KW-O-000337,IndiaPost,delivered,2026-07-31T16:16,West Roberttown
KW-TRK-0000338,KW-O-000338,XpressBees,delivered,2026-07-23T00:53,Kayleeville
KW-TRK-0000339,KW-O-000339,IndiaPost,in_transit,2026-06-02T20:38,Donaldmouth
KW-TRK-0000340,KW-O-000340,Ecom Express,in_transit,2026-06-14T12:49,North Samantha
KW-TRK-0000341,KW-O-000341,Ecom Express,out_for_delivery,2026-07-22T03:45,South Gregville
KW-TRK-0000342,KW-O-000342,Bluedart,exception,2026-07-13T07:52,Lake Jimmyshire
KW-TRK-0000343,KW-O-000343,Delhivery,in_transit,2026-07-31T23:52,Josephshire
KW-TRK-0000344,KW-O-000344,Bluedart,delivered,2026-06-23T07:46,Brownberg
KW-TRK-0000345,KW-O-000345,IndiaPost,delivery_attempted,2026-07-30T10:37,North Raymond
KW-TRK-0000346,KW-O-000346,Delhivery,out_for_delivery,2026-07-26T09:14,Johnsonfort
KW-TRK-0000347,KW-O-000347,IndiaPost,exception,2026-07-28T06:07,Rivaschester
KW-TRK-0000348,KW-O-000348,Delhivery,exception,2026-07-20T17:16,North Barbara
KW-TRK-0000349,KW-O-000349,Ecom Express,exception,2026-07-09T17:38,Lake Bryanview
KW-TRK-0000350,KW-O-000350,Delhivery,out_for_delivery,2026-07-10T17:56,Jenniferborough
KW-TRK-0000351,KW-O-000351,XpressBees,exception,2026-07-31T16:47,Andrewview
KW-TRK-0000352,KW-O-000352,IndiaPost,delivered,2026-06-21T06:03,East Hannah
KW-TRK-0000353,KW-O-000353,Bluedart,in_transit,2026-07-06T03:41,Lake Bradleyshire
KW-TRK-0000354,KW-O-000354,Delhivery,exception,2026-06-27T15:11,Hansenfort
KW-TRK-0000355,KW-O-000355,Delhivery,returned_to_origin,2026-07-20T03:26,Lake Melinda
KW-TRK-0000356,KW-O-000356,Delhivery,exception,2026-06-04T22:15,West Michaelstad
KW-TRK-0000357,KW-O-000357,IndiaPost,delivered,2026-07-15T16:24,Hooverside
KW-TRK-0000358,KW-O-000358,XpressBees,out_for_delivery,2026-06-11T19:05,West Donna
KW-TRK-0000359,KW-O-000359,Ecom Express,exception,2026-07-01T11:33,Jessicaside
KW-TRK-0000360,KW-O-000360,Ecom Express,exception,2026-07-31T11:23,West Jill
KW-TRK-0000361,KW-O-000361,Ecom Express,in_transit,2026-07-30T00:27,Richardshire
KW-TRK-0000362,KW-O-000362,XpressBees,delivery_attempted,2026-06-28T14:31,Watsonstad
KW-TRK-0000363,KW-O-000363,Ecom Express,exception,2026-07-28T04:07,Dylanfort
KW-TRK-0000364,KW-O-000364,IndiaPost,out_for_delivery,2026-06-27T21:08,Wardchester
KW-TRK-0000365,KW-O-000365,Delhivery,returned_to_origin,2026-06-29T08:40,New Jonberg
KW-TRK-0000366,KW-O-000366,Bluedart,returned_to_origin,2026-06-16T01:48,Sandymouth
KW-TRK-0000367,KW-O-000367,IndiaPost,delivery_attempted,2026-06-09T14:30,Molinaburgh
KW-TRK-0000368,KW-O-000368,Ecom Express,delivery_attempted,2026-06-24T13:29,West Williamberg
KW-TRK-0000369,KW-O-000369,IndiaPost,returned_to_origin,2026-07-04T13:14,Amberburgh
KW-TRK-0000370,KW-O-000370,Bluedart,exception,2026-07-15T13:13,Port Laura
KW-TRK-0000371,KW-O-000371,Bluedart,delivered,2026-06-13T00:52,Millerchester
KW-TRK-0000372,KW-O-000372,XpressBees,out_for_delivery,2026-07-06T07:34,New Amyhaven
KW-TRK-0000373,KW-O-000373,Bluedart,exception,2026-06-13T21:19,New Adamside
KW-TRK-0000374,KW-O-000374,Bluedart,out_for_delivery,2026-06-11T01:53,Lake Jeremy
KW-TRK-0000375,KW-O-000375,XpressBees,delivery_attempted,2026-07-16T08:24,Tracymouth
KW-TRK-0000376,KW-O-000376,Delhivery,in_transit,2026-07-18T16:10,Amyfurt
KW-TRK-0000377,KW-O-000377,Ecom Express,returned_to_origin,2026-06-12T14:37,Robinsonstad
KW-TRK-0000378,KW-O-000378,Ecom Express,delivered,2026-07-08T14:49,Wattsville
KW-TRK-0000379,KW-O-000379,IndiaPost,delivery_attempted,2026-06-09T20:49,Lake Dawn
KW-TRK-0000380,KW-O-000380,XpressBees,delivery_attempted,2026-07-11T10:42,Port Heather
KW-TRK-0000381,KW-O-000381,IndiaPost,exception,2026-07-08T22:09,Lake Aaron
KW-TRK-0000382,KW-O-000382,Bluedart,in_transit,2026-07-04T16:41,South Drewland
KW-TRK-0000383,KW-O-000383,Bluedart,exception,2026-06-28T14:53,Johnfurt
KW-TRK-0000384,KW-O-000384,Delhivery,delivered,2026-06-02T12:25,Marciaside
KW-TRK-0000385,KW-O-000385,Bluedart,in_transit,2026-06-20T08:56,Port Jamestown
KW-TRK-0000386,KW-O-000386,IndiaPost,exception,2026-07-08T11:54,West Davidburgh
KW-TRK-0000387,KW-O-000387,Ecom Express,delivery_attempted,2026-07-09T02:56,North Jonville
KW-TRK-0000388,KW-O-000388,Ecom Express,delivery_attempted,2026-07-08T07:29,Duffyfurt
KW-TRK-0000389,KW-O-000389,IndiaPost,exception,2026-07-10T16:58,Lake Carlamouth
KW-TRK-0000390,KW-O-000390,Ecom Express,exception,2026-07-16T20:10,Brooksport
KW-TRK-0000391,KW-O-000391,Delhivery,exception,2026-06-15T21:31,Harveyfort
KW-TRK-0000392,KW-O-000392,XpressBees,exception,2026-07-18T15:34,Lake Traviston
KW-TRK-0000393,KW-O-000393,IndiaPost,delivered,2026-06-10T11:46,Florestown
KW-TRK-0000394,KW-O-000394,Bluedart,delivered,2026-06-02T15:19,Jackiefurt
KW-TRK-0000395,KW-O-000395,IndiaPost,returned_to_origin,2026-07-03T20:58,South Haleystad
KW-TRK-0000396,KW-O-000396,XpressBees,in_transit,2026-06-17T02:55,Vangfurt
KW-TRK-0000397,KW-O-000397,Delhivery,out_for_delivery,2026-06-07T16:01,South Katherineland
KW-TRK-0000398,KW-O-000398,XpressBees,delivered,2026-07-13T18:10,Kingland
KW-TRK-0000399,KW-O-000399,Delhivery,in_transit,2026-07-02T12:47,East Jenniferville
KW-TRK-0000400,KW-O-000400,IndiaPost,exception,2026-06-04T15:35,Jamesmouth
KW-TRK-0000401,KW-O-000401,IndiaPost,in_transit,2026-07-08T19:17,New Tracey
KW-TRK-0000402,KW-O-000402,Ecom Express,out_for_delivery,2026-07-17T07:31,West Kylemouth
KW-TRK-0000403,KW-O-000403,Delhivery,in_transit,2026-07-03T15:15,New Robert
KW-TRK-0000404,KW-O-000404,Delhivery,delivered,2026-06-18T09:16,Lake Davidtown
KW-TRK-0000405,KW-O-000405,XpressBees,returned_to_origin,2026-06-02T09:09,Jonesburgh
KW-TRK-0000406,KW-O-000406,IndiaPost,exception,2026-07-23T15:45,Hillshire
KW-TRK-0000407,KW-O-000407,Bluedart,exception,2026-07-12T22:41,Solisside
KW-TRK-0000408,KW-O-000408,Delhivery,returned_to_origin,2026-06-22T00:36,West Brendahaven
KW-TRK-0000409,KW-O-000409,Bluedart,returned_to_origin,2026-07-09T01:24,Thompsonmouth
KW-TRK-0000410,KW-O-000410,Bluedart,delivered,2026-06-07T19:52,Melissaton
KW-TRK-0000411,KW-O-000411,IndiaPost,in_transit,2026-06-07T06:37,Carolynchester
KW-TRK-0000412,KW-O-000412,IndiaPost,delivery_attempted,2026-06-14T04:42,Lake Ericland
KW-TRK-0000413,KW-O-000413,IndiaPost,returned_to_origin,2026-06-07T16:11,South Todd
KW-TRK-0000414,KW-O-000414,Delhivery,delivery_attempted,2026-07-17T00:02,South Kimberlyburgh
KW-TRK-0000415,KW-O-000415,Bluedart,delivered,2026-07-28T07:35,Williamsburgh
KW-TRK-0000416,KW-O-000416,Bluedart,delivered,2026-06-13T20:55,West Michelle
KW-TRK-0000417,KW-O-000417,Bluedart,delivery_attempted,2026-07-28T02:47,Perezmouth
KW-TRK-0000418,KW-O-000418,IndiaPost,delivery_attempted,2026-07-31T11:33,North Frankberg
KW-TRK-0000419,KW-O-000419,IndiaPost,exception,2026-06-22T01:23,South Tylerchester
KW-TRK-0000420,KW-O-000420,Bluedart,returned_to_origin,2026-07-28T05:26,Lake Aliciastad
KW-TRK-0000421,KW-O-000421,Ecom Express,delivery_attempted,2026-07-15T09:38,South Thomasview
KW-TRK-0000422,KW-O-000422,Bluedart,returned_to_origin,2026-07-09T23:20,Grantchester
KW-TRK-0000423,KW-O-000423,Bluedart,returned_to_origin,2026-07-17T03:38,North Christopherstad
KW-TRK-0000424,KW-O-000424,Ecom Express,returned_to_origin,2026-07-13T04:06,Moralesbury
KW-TRK-0000425,KW-O-000425,Bluedart,out_for_delivery,2026-06-16T21:32,North Andrew
KW-TRK-0000426,KW-O-000426,XpressBees,returned_to_origin,2026-06-23T15:16,New Jacobborough
KW-TRK-0000427,KW-O-000427,Bluedart,returned_to_origin,2026-07-19T22:59,Kellerside
KW-TRK-0000428,KW-O-000428,XpressBees,returned_to_origin,2026-07-02T13:36,Angelafort
KW-TRK-0000429,KW-O-000429,IndiaPost,delivery_attempted,2026-07-27T01:19,Port Dianashire
KW-TRK-0000430,KW-O-000430,XpressBees,returned_to_origin,2026-07-21T09:08,Wilsonton
KW-TRK-0000431,KW-O-000431,Delhivery,delivered,2026-06-23T10:10,East Dylan
KW-TRK-0000432,KW-O-000432,IndiaPost,delivered,2026-07-11T12:40,Lake Jacqueline
KW-TRK-0000433,KW-O-000433,XpressBees,exception,2026-07-10T09:44,West Briantown
KW-TRK-0000434,KW-O-000434,XpressBees,exception,2026-07-14T04:50,New Elizabethshire
KW-TRK-0000435,KW-O-000435,Delhivery,delivery_attempted,2026-06-27T00:00,West Nicoleberg
KW-TRK-0000436,KW-O-000436,XpressBees,out_for_delivery,2026-06-25T03:02,Samanthafort
KW-TRK-0000437,KW-O-000437,Bluedart,in_transit,2026-07-27T16:55,East Elizabeth
KW-TRK-0000438,KW-O-000438,IndiaPost,in_transit,2026-07-03T21:01,Mendozaville
KW-TRK-0000439,KW-O-000439,Ecom Express,delivery_attempted,2026-07-04T16:49,South Angela
KW-TRK-0000440,KW-O-000440,XpressBees,delivered,2026-06-03T22:10,East Elizabethhaven
KW-TRK-0000441,KW-O-000441,Bluedart,out_for_delivery,2026-06-23T08:30,Port Kathleen
KW-TRK-0000442,KW-O-000442,IndiaPost,delivery_attempted,2026-06-17T01:45,Palmerland
KW-TRK-0000443,KW-O-000443,Bluedart,in_transit,2026-07-04T04:11,East Courtney
KW-TRK-0000444,KW-O-000444,IndiaPost,delivery_attempted,2026-07-23T01:04,Francostad
KW-TRK-0000445,KW-O-000445,Bluedart,delivered,2026-06-04T02:23,Port Jose
KW-TRK-0000446,KW-O-000446,XpressBees,out_for_delivery,2026-07-24T06:57,Port Ryanmouth
KW-TRK-0000447,KW-O-000447,Delhivery,delivered,2026-07-11T18:23,Johnsonstad
KW-TRK-0000448,KW-O-000448,Ecom Express,returned_to_origin,2026-06-13T22:20,Colebury
KW-TRK-0000449,KW-O-000449,Delhivery,delivery_attempted,2026-06-10T02:46,South Christina
KW-TRK-0000450,KW-O-000450,IndiaPost,delivered,2026-06-07T19:20,Lucasburgh
KW-TRK-0000451,KW-O-000451,XpressBees,delivered,2026-06-18T15:42,New Adriana
KW-TRK-0000452,KW-O-000452,Delhivery,exception,2026-06-12T15:36,Mejiachester
KW-TRK-0000453,KW-O-000453,Ecom Express,returned_to_origin,2026-07-12T00:26,South Carlland
KW-TRK-0000454,KW-O-000454,Delhivery,delivery_attempted,2026-07-24T16:13,Port Darlene
KW-TRK-0000455,KW-O-000455,Bluedart,out_for_delivery,2026-06-13T20:20,Joshuaview
KW-TRK-0000456,KW-O-000456,XpressBees,in_transit,2026-07-07T18:31,Santosmouth
KW-TRK-0000457,KW-O-000457,Bluedart,returned_to_origin,2026-06-09T14:44,Marymouth
KW-TRK-0000458,KW-O-000458,Delhivery,delivery_attempted,2026-07-28T16:59,Melissafort
KW-TRK-0000459,KW-O-000459,Bluedart,in_transit,2026-06-29T03:35,Hughesshire
KW-TRK-0000460,KW-O-000460,IndiaPost,returned_to_origin,2026-06-07T01:13,South Matthew
KW-TRK-0000461,KW-O-000461,Ecom Express,delivery_attempted,2026-07-02T00:20,Hesterside
KW-TRK-0000462,KW-O-000462,Ecom Express,returned_to_origin,2026-06-27T18:51,West Crystalview
KW-TRK-0000463,KW-O-000463,Bluedart,delivered,2026-07-25T10:02,Brookebury
KW-TRK-0000464,KW-O-000464,Bluedart,delivered,2026-06-11T21:55,Saramouth
KW-TRK-0000465,KW-O-000465,XpressBees,out_for_delivery,2026-08-01T04:54,New James
KW-TRK-0000466,KW-O-000466,Ecom Express,out_for_delivery,2026-07-20T09:18,Jamesmouth
KW-TRK-0000467,KW-O-000467,XpressBees,returned_to_origin,2026-06-11T09:59,Ramirezchester
KW-TRK-0000468,KW-O-000468,Bluedart,returned_to_origin,2026-06-17T23:04,Port Chloe
KW-TRK-0000469,KW-O-000469,IndiaPost,returned_to_origin,2026-07-30T07:00,Port Kayla
KW-TRK-0000470,KW-O-000470,Bluedart,in_transit,2026-07-20T23:19,Jamesstad
KW-TRK-0000471,KW-O-000471,IndiaPost,exception,2026-06-07T05:27,Jamesmouth
KW-TRK-0000472,KW-O-000472,IndiaPost,returned_to_origin,2026-06-09T10:12,North Jenny
KW-TRK-0000473,KW-O-000473,Ecom Express,delivered,2026-06-10T05:05,Danielleborough
KW-TRK-0000474,KW-O-000474,IndiaPost,exception,2026-07-13T19:08,Isaacfort
KW-TRK-0000475,KW-O-000475,IndiaPost,in_transit,2026-06-12T08:36,Johnfort
KW-TRK-0000476,KW-O-000476,IndiaPost,delivery_attempted,2026-06-17T03:26,Sarahmouth
KW-TRK-0000477,KW-O-000477,XpressBees,delivered,2026-06-18T05:15,Dustinland
KW-TRK-0000478,KW-O-000478,Bluedart,delivery_attempted,2026-07-17T21:21,Davidfurt
KW-TRK-0000479,KW-O-000479,Bluedart,returned_to_origin,2026-06-05T06:26,Smithborough
KW-TRK-0000480,KW-O-000480,Ecom Express,exception,2026-07-22T18:04,Sarahmouth
KW-TRK-0000481,KW-O-000481,Ecom Express,returned_to_origin,2026-06-17T06:51,Williamchester
KW-TRK-0000482,KW-O-000482,Ecom Express,exception,2026-06-03T12:08,West Brent
KW-TRK-0000483,KW-O-000483,Ecom Express,returned_to_origin,2026-07-18T22:35,Fullerfort
KW-TRK-0000484,KW-O-000484,IndiaPost,exception,2026-07-29T14:25,South Samuelmouth
KW-TRK-0000485,KW-O-000485,Ecom Express,exception,2026-07-19T09:10,East Herbertstad
KW-TRK-0000486,KW-O-000486,Delhivery,delivered,2026-06-03T00:45,North Melanieview
KW-TRK-0000487,KW-O-000487,Bluedart,out_for_delivery,2026-06-08T01:49,New Amandaberg
KW-TRK-0000488,KW-O-000488,Delhivery,in_transit,2026-07-07T20:40,Lake Gloriaborough
KW-TRK-0000489,KW-O-000489,Bluedart,exception,2026-07-22T20:30,Lake Ashleytown
KW-TRK-0000490,KW-O-000490,IndiaPost,in_transit,2026-07-15T19:20,West Tiffanyview
KW-TRK-0000491,KW-O-000491,Ecom Express,returned_to_origin,2026-07-26T14:08,Russellbury
KW-TRK-0000492,KW-O-000492,XpressBees,delivery_attempted,2026-06-19T15:56,New Cassandra
KW-TRK-0000493,KW-O-000493,Delhivery,exception,2026-07-02T11:37,Sarahstad
KW-TRK-0000494,KW-O-000494,XpressBees,delivered,2026-07-17T20:05,East Andrew
KW-TRK-0000495,KW-O-000495,IndiaPost,delivered,2026-06-12T03:16,Kathrynburgh
KW-TRK-0000496,KW-O-000496,XpressBees,delivered,2026-07-29T15:19,Harristown
KW-TRK-0000497,KW-O-000497,Ecom Express,returned_to_origin,2026-06-22T22:41,North Ashley
KW-TRK-0000498,KW-O-000498,Delhivery,delivered,2026-06-09T16:25,Lisaville
KW-TRK-0000499,KW-O-000499,XpressBees,returned_to_origin,2026-06-06T01:18,East Meganbury
KW-TRK-0000500,KW-O-000500,Bluedart,in_transit,2026-06-15T14:34,South Chelsea
KW-TRK-0000501,KW-O-000501,IndiaPost,out_for_delivery,2026-06-22T23:34,East Joshua
KW-TRK-0000502,KW-O-000502,Ecom Express,returned_to_origin,2026-06-15T08:59,East Emilychester
KW-TRK-0000503,KW-O-000503,Delhivery,delivery_attempted,2026-07-19T14:13,Griffinbury
KW-TRK-0000504,KW-O-000504,IndiaPost,in_transit,2026-07-23T23:29,Port Christophermouth
KW-TRK-0000505,KW-O-000505,Ecom Express,returned_to_origin,2026-07-02T01:54,Hernandezfurt
KW-TRK-0000506,KW-O-000506,Delhivery,delivery_attempted,2026-07-21T12:25,Johnsonview
KW-TRK-0000507,KW-O-000507,Delhivery,out_for_delivery,2026-08-01T06:43,Lake Travis
KW-TRK-0000508,KW-O-000508,Ecom Express,exception,2026-07-08T08:51,Marcfort
KW-TRK-0000509,KW-O-000509,Ecom Express,out_for_delivery,2026-06-29T09:23,Masseyborough
KW-TRK-0000510,KW-O-000510,Ecom Express,returned_to_origin,2026-06-20T00:42,Drewland
KW-TRK-0000511,KW-O-000511,Bluedart,out_for_delivery,2026-07-23T02:43,Jacksonfurt
KW-TRK-0000512,KW-O-000512,Bluedart,in_transit,2026-06-14T02:17,East Leon
KW-TRK-0000513,KW-O-000513,Ecom Express,exception,2026-07-05T06:37,Hillport
KW-TRK-0000514,KW-O-000514,IndiaPost,delivery_attempted,2026-07-30T19:48,South Caroline
KW-TRK-0000515,KW-O-000515,Ecom Express,in_transit,2026-07-08T08:41,Yushire
KW-TRK-0000516,KW-O-000516,Bluedart,out_for_delivery,2026-07-25T08:29,Lake Heidi
KW-TRK-0000517,KW-O-000517,Ecom Express,delivered,2026-06-26T11:51,Marqueztown
KW-TRK-0000518,KW-O-000518,Delhivery,out_for_delivery,2026-07-18T01:27,Armstrongstad
KW-TRK-0000519,KW-O-000519,Ecom Express,in_transit,2026-07-21T07:57,Smithchester
KW-TRK-0000520,KW-O-000520,Delhivery,returned_to_origin,2026-07-20T10:22,Blankenshipland
KW-TRK-0000521,KW-O-000521,Delhivery,in_transit,2026-07-17T07:30,Scottbury
KW-TRK-0000522,KW-O-000522,Ecom Express,out_for_delivery,2026-07-03T10:08,Michaelview
KW-TRK-0000523,KW-O-000523,Delhivery,exception,2026-06-23T18:29,Moorebury
KW-TRK-0000524,KW-O-000524,Delhivery,delivered,2026-06-25T03:57,Port Barry
KW-TRK-0000525,KW-O-000525,Ecom Express,exception,2026-06-16T10:16,Diazbury
KW-TRK-0000526,KW-O-000526,Bluedart,exception,2026-06-22T05:33,Lake Ruthland
KW-TRK-0000527,KW-O-000527,XpressBees,delivered,2026-07-19T05:25,West Christianview
KW-TRK-0000528,KW-O-000528,XpressBees,delivery_attempted,2026-07-04T00:23,Hernandezberg
KW-TRK-0000529,KW-O-000529,IndiaPost,out_for_delivery,2026-07-25T22:34,Ramirezburgh
KW-TRK-0000530,KW-O-000530,Bluedart,delivery_attempted,2026-06-21T12:41,South Larry
KW-TRK-0000531,KW-O-000531,Delhivery,delivered,2026-06-04T05:17,East Monicaton
KW-TRK-0000532,KW-O-000532,Bluedart,delivery_attempted,2026-06-27T12:34,West Amy
KW-TRK-0000533,KW-O-000533,Ecom Express,delivered,2026-07-23T04:08,Jacobsonbury
KW-TRK-0000534,KW-O-000534,Bluedart,delivered,2026-07-22T17:14,Port Susanland
KW-TRK-0000535,KW-O-000535,Delhivery,returned_to_origin,2026-06-30T18:49,Port Craigburgh
KW-TRK-0000536,KW-O-000536,Bluedart,delivery_attempted,2026-07-24T21:44,Port Stevenstad
KW-TRK-0000537,KW-O-000537,Delhivery,returned_to_origin,2026-07-09T04:13,East Amanda
KW-TRK-0000538,KW-O-000538,Delhivery,delivered,2026-07-06T02:15,East Kristin
KW-TRK-0000539,KW-O-000539,XpressBees,delivery_attempted,2026-06-19T19:43,Melissaview
KW-TRK-0000540,KW-O-000540,XpressBees,out_for_delivery,2026-07-16T05:47,New Williamton
KW-TRK-0000541,KW-O-000541,Bluedart,delivery_attempted,2026-06-17T15:21,Taylorton
KW-TRK-0000542,KW-O-000542,Ecom Express,returned_to_origin,2026-07-17T07:56,Mooreberg
KW-TRK-0000543,KW-O-000543,Delhivery,delivery_attempted,2026-06-04T06:22,Port Chelsea
KW-TRK-0000544,KW-O-000544,XpressBees,in_transit,2026-07-08T00:36,Audreyview
KW-TRK-0000545,KW-O-000545,Ecom Express,returned_to_origin,2026-06-15T06:51,Sanchezburgh
KW-TRK-0000546,KW-O-000546,Delhivery,delivery_attempted,2026-06-16T07:37,Lake Johnton
KW-TRK-0000547,KW-O-000547,Delhivery,exception,2026-06-10T09:41,South Derekport
KW-TRK-0000548,KW-O-000548,IndiaPost,delivery_attempted,2026-07-08T14:47,Ricefort
KW-TRK-0000549,KW-O-000549,Bluedart,in_transit,2026-06-10T13:33,Piercefurt
KW-TRK-0000550,KW-O-000550,Ecom Express,out_for_delivery,2026-06-15T13:09,Haydenhaven
KW-TRK-0000551,KW-O-000551,IndiaPost,exception,2026-06-04T17:59,Kristinshire
KW-TRK-0000552,KW-O-000552,Delhivery,delivered,2026-06-11T15:25,Waltonhaven
KW-TRK-0000553,KW-O-000553,Ecom Express,delivery_attempted,2026-07-18T16:01,Jacksonfort
KW-TRK-0000554,KW-O-000554,Ecom Express,delivery_attempted,2026-07-25T06:31,Port Benjamin
KW-TRK-0000555,KW-O-000555,XpressBees,exception,2026-07-13T07:00,New Virginiaport
KW-TRK-0000556,KW-O-000556,Delhivery,exception,2026-07-19T17:04,New Rebeccafurt
KW-TRK-0000557,KW-O-000557,Bluedart,out_for_delivery,2026-07-15T01:17,Evanstown
KW-TRK-0000558,KW-O-000558,XpressBees,returned_to_origin,2026-07-24T12:35,Tonytown
KW-TRK-0000559,KW-O-000559,IndiaPost,in_transit,2026-07-23T08:22,South Kimberly
KW-TRK-0000560,KW-O-000560,Bluedart,exception,2026-07-04T16:24,South Michelle
KW-TRK-0000561,KW-O-000561,Delhivery,returned_to_origin,2026-06-20T06:28,Lake Laura
KW-TRK-0000562,KW-O-000562,XpressBees,returned_to_origin,2026-07-25T20:21,Sancheztown
KW-TRK-0000563,KW-O-000563,Bluedart,out_for_delivery,2026-06-16T22:36,South Johnny
KW-TRK-0000564,KW-O-000564,Delhivery,exception,2026-07-31T18:27,Owensmouth
KW-TRK-0000565,KW-O-000565,IndiaPost,delivered,2026-07-16T08:20,Nicolemouth
KW-TRK-0000566,KW-O-000566,Ecom Express,out_for_delivery,2026-07-19T15:08,South Susan
KW-TRK-0000567,KW-O-000567,IndiaPost,delivered,2026-06-30T08:26,East Penny
KW-TRK-0000568,KW-O-000568,Ecom Express,in_transit,2026-06-17T18:24,West Nathanielstad
KW-TRK-0000569,KW-O-000569,Ecom Express,delivery_attempted,2026-06-17T09:26,Blankenshipchester
KW-TRK-0000570,KW-O-000570,Delhivery,out_for_delivery,2026-06-03T13:01,New Kellyhaven
KW-TRK-0000571,KW-O-000571,XpressBees,exception,2026-06-22T07:52,Williamsfort
KW-TRK-0000572,KW-O-000572,Ecom Express,delivery_attempted,2026-06-27T06:25,West Markport
KW-TRK-0000573,KW-O-000573,Ecom Express,out_for_delivery,2026-07-29T11:20,North Victoria
KW-TRK-0000574,KW-O-000574,XpressBees,exception,2026-07-09T21:56,Lake Jennifer
KW-TRK-0000575,KW-O-000575,Bluedart,out_for_delivery,2026-07-22T15:34,Brianhaven
KW-TRK-0000576,KW-O-000576,Bluedart,delivery_attempted,2026-06-09T16:09,Lake Adriana
KW-TRK-0000577,KW-O-000577,XpressBees,exception,2026-07-08T21:20,South Richardmouth
KW-TRK-0000578,KW-O-000578,Bluedart,exception,2026-07-14T08:51,Christyport
KW-TRK-0000579,KW-O-000579,XpressBees,returned_to_origin,2026-06-22T00:40,Brenthaven
KW-TRK-0000580,KW-O-000580,XpressBees,returned_to_origin,2026-06-27T21:49,South Katherinechester
KW-TRK-0000581,KW-O-000581,Ecom Express,in_transit,2026-06-05T23:04,Lake Kimberlyshire
KW-TRK-0000582,KW-O-000582,IndiaPost,exception,2026-07-23T18:18,East Sarahfurt
KW-TRK-0000583,KW-O-000583,Delhivery,returned_to_origin,2026-06-17T03:05,Donnamouth
KW-TRK-0000584,KW-O-000584,XpressBees,out_for_delivery,2026-06-09T05:31,Douglasborough
KW-TRK-0000585,KW-O-000585,IndiaPost,out_for_delivery,2026-07-28T21:39,New Patrickfurt
KW-TRK-0000586,KW-O-000586,XpressBees,exception,2026-07-09T01:08,North Bradley
KW-TRK-0000587,KW-O-000587,Bluedart,delivered,2026-06-20T09:20,East Jamesshire
KW-TRK-0000588,KW-O-000588,IndiaPost,returned_to_origin,2026-07-08T14:45,South Lauren
KW-TRK-0000589,KW-O-000589,IndiaPost,in_transit,2026-06-07T22:21,South Amy
KW-TRK-0000590,KW-O-000590,Delhivery,delivery_attempted,2026-06-20T21:14,Veronicaborough
KW-TRK-0000591,KW-O-000591,Bluedart,delivered,2026-07-08T22:33,North Frankton
KW-TRK-0000592,KW-O-000592,XpressBees,delivered,2026-07-12T16:24,Jessicaland
KW-TRK-0000593,KW-O-000593,Delhivery,delivered,2026-06-05T17:32,South Rose
KW-TRK-0000594,KW-O-000594,XpressBees,delivery_attempted,2026-07-31T22:33,Lake Trevor
KW-TRK-0000595,KW-O-000595,Ecom Express,in_transit,2026-06-15T23:37,Lake Stevemouth
KW-TRK-0000596,KW-O-000596,Delhivery,delivered,2026-06-18T16:43,Melissaview
KW-TRK-0000597,KW-O-000597,XpressBees,returned_to_origin,2026-07-25T09:58,Crystalmouth
KW-TRK-0000598,KW-O-000598,XpressBees,returned_to_origin,2026-06-02T12:53,Lake Evelyn
KW-TRK-0000599,KW-O-000599,XpressBees,returned_to_origin,2026-07-22T18:20,Lindabury
KW-TRK-0000600,KW-O-000600,IndiaPost,in_transit,2026-07-23T09:00,Port Andrew
KW-TRK-0000601,KW-O-000601,Bluedart,in_transit,2026-06-02T17:26,Nelsonhaven
KW-TRK-0000602,KW-O-000602,IndiaPost,in_transit,2026-06-29T18:54,Victorfurt
KW-TRK-0000603,KW-O-000603,XpressBees,exception,2026-06-19T07:25,New Kevinview
KW-TRK-0000604,KW-O-000604,Delhivery,exception,2026-07-11T05:39,Port Earlbury
KW-TRK-0000605,KW-O-000605,Bluedart,out_for_delivery,2026-07-12T13:40,East Steven
KW-TRK-0000606,KW-O-000606,XpressBees,in_transit,2026-07-21T15:46,North Heidi
KW-TRK-0000607,KW-O-000607,Ecom Express,returned_to_origin,2026-07-21T11:06,Robertfurt
KW-TRK-0000608,KW-O-000608,Ecom Express,delivered,2026-06-28T18:47,Knightport
KW-TRK-0000609,KW-O-000609,Delhivery,delivery_attempted,2026-06-15T10:00,East Franciscofort
KW-TRK-0000610,KW-O-000610,Bluedart,out_for_delivery,2026-06-19T05:57,Port Leeton
KW-TRK-0000611,KW-O-000611,IndiaPost,exception,2026-07-20T08:55,Sullivanchester
KW-TRK-0000612,KW-O-000612,IndiaPost,delivery_attempted,2026-06-22T23:57,South Thomas
KW-TRK-0000613,KW-O-000613,XpressBees,out_for_delivery,2026-06-09T10:18,West Sharonville
KW-TRK-0000614,KW-O-000614,XpressBees,in_transit,2026-07-21T08:06,Joefort
KW-TRK-0000615,KW-O-000615,Bluedart,delivered,2026-06-24T23:46,Chapmanfurt
KW-TRK-0000616,KW-O-000616,XpressBees,delivered,2026-06-25T17:51,Atkinsonport
KW-TRK-0000617,KW-O-000617,Bluedart,returned_to_origin,2026-07-17T21:47,New Linda
KW-TRK-0000618,KW-O-000618,XpressBees,delivery_attempted,2026-07-04T08:40,Erikmouth
KW-TRK-0000619,KW-O-000619,IndiaPost,returned_to_origin,2026-06-27T18:09,Castanedaville
KW-TRK-0000620,KW-O-000620,Delhivery,in_transit,2026-07-26T06:59,North Lauratown
KW-TRK-0000621,KW-O-000621,Bluedart,returned_to_origin,2026-06-05T13:46,New Roy
KW-TRK-0000622,KW-O-000622,Bluedart,returned_to_origin,2026-07-18T06:03,Port Lindseyberg
KW-TRK-0000623,KW-O-000623,Ecom Express,delivery_attempted,2026-06-18T12:06,North Thomaston
KW-TRK-0000624,KW-O-000624,XpressBees,in_transit,2026-06-24T13:12,West Tonya
KW-TRK-0000625,KW-O-000625,Bluedart,in_transit,2026-06-17T20:38,Erikastad
KW-TRK-0000626,KW-O-000626,IndiaPost,delivered,2026-07-15T04:03,North Frederickport
KW-TRK-0000627,KW-O-000627,Ecom Express,delivery_attempted,2026-06-03T02:10,Craigshire
KW-TRK-0000628,KW-O-000628,Delhivery,in_transit,2026-06-15T02:35,North Christinaborough
KW-TRK-0000629,KW-O-000629,Delhivery,in_transit,2026-06-15T06:45,South Madison
KW-TRK-0000630,KW-O-000630,Bluedart,delivery_attempted,2026-07-23T14:55,Rodriguezshire
KW-TRK-0000631,KW-O-000631,Bluedart,delivery_attempted,2026-06-04T00:31,Christinahaven
KW-TRK-0000632,KW-O-000632,Ecom Express,out_for_delivery,2026-06-26T02:43,Port Cheyenneberg
KW-TRK-0000633,KW-O-000633,Delhivery,delivery_attempted,2026-07-02T22:20,South Catherineview
KW-TRK-0000634,KW-O-000634,XpressBees,returned_to_origin,2026-07-25T21:52,Lake Kimberly
KW-TRK-0000635,KW-O-000635,Bluedart,in_transit,2026-07-24T03:07,South Catherineport
KW-TRK-0000636,KW-O-000636,Ecom Express,returned_to_origin,2026-06-18T13:34,South Melissaburgh
KW-TRK-0000637,KW-O-000637,Bluedart,delivery_attempted,2026-06-23T14:28,Patrickstad
KW-TRK-0000638,KW-O-000638,Bluedart,delivered,2026-06-13T16:06,Kellyfurt
KW-TRK-0000639,KW-O-000639,IndiaPost,delivered,2026-06-15T00:35,Romanbury
KW-TRK-0000640,KW-O-000640,IndiaPost,out_for_delivery,2026-07-10T20:18,Elizabethborough
KW-TRK-0000641,KW-O-000641,Bluedart,returned_to_origin,2026-07-27T08:52,South Eduardo
KW-TRK-0000642,KW-O-000642,Bluedart,in_transit,2026-07-28T04:22,North Christopher
KW-TRK-0000643,KW-O-000643,Ecom Express,out_for_delivery,2026-06-11T18:42,East Danielmouth
KW-TRK-0000644,KW-O-000644,Bluedart,in_transit,2026-06-09T02:48,East Jennifer
KW-TRK-0000645,KW-O-000645,IndiaPost,returned_to_origin,2026-06-19T22:27,Kayleemouth
KW-TRK-0000646,KW-O-000646,Ecom Express,in_transit,2026-06-24T06:27,Lake Timothy
KW-TRK-0000647,KW-O-000647,IndiaPost,exception,2026-06-18T20:53,Martinezside
KW-TRK-0000648,KW-O-000648,Delhivery,out_for_delivery,2026-07-25T02:47,Sharonborough
KW-TRK-0000649,KW-O-000649,Bluedart,in_transit,2026-06-23T06:45,Douglasstad
KW-TRK-0000650,KW-O-000650,IndiaPost,in_transit,2026-06-19T12:34,South James
KW-TRK-0000651,KW-O-000651,Bluedart,returned_to_origin,2026-07-26T17:57,North Anthonyview
KW-TRK-0000652,KW-O-000652,Bluedart,returned_to_origin,2026-07-02T15:23,Lopezfort
KW-TRK-0000653,KW-O-000653,Bluedart,in_transit,2026-06-29T07:02,Barrettfurt
KW-TRK-0000654,KW-O-000654,IndiaPost,returned_to_origin,2026-07-09T23:58,Shannonmouth
KW-TRK-0000655,KW-O-000655,Bluedart,exception,2026-06-25T07:26,Barrettshire
KW-TRK-0000656,KW-O-000656,IndiaPost,in_transit,2026-07-17T13:31,North Misty
KW-TRK-0000657,KW-O-000657,IndiaPost,out_for_delivery,2026-07-20T00:56,West Robert
KW-TRK-0000658,KW-O-000658,Delhivery,in_transit,2026-06-29T18:53,Hutchinsonmouth
KW-TRK-0000659,KW-O-000659,Ecom Express,in_transit,2026-07-27T20:28,North Nicole
KW-TRK-0000660,KW-O-000660,XpressBees,in_transit,2026-07-14T12:04,New Cassandra
KW-TRK-0000661,KW-O-000661,Delhivery,exception,2026-07-06T10:29,Rebeccaburgh
KW-TRK-0000662,KW-O-000662,Delhivery,out_for_delivery,2026-06-22T10:54,Johnsontown
KW-TRK-0000663,KW-O-000663,Ecom Express,in_transit,2026-06-13T06:03,Jenniferstad
KW-TRK-0000664,KW-O-000664,IndiaPost,exception,2026-06-20T13:53,Aaronfort
KW-TRK-0000665,KW-O-000665,IndiaPost,out_for_delivery,2026-07-03T23:22,East Dylan
KW-TRK-0000666,KW-O-000666,Bluedart,in_transit,2026-07-02T16:43,Alyssahaven
KW-TRK-0000667,KW-O-000667,XpressBees,delivered,2026-07-09T01:29,South Kayla
KW-TRK-0000668,KW-O-000668,Bluedart,delivery_attempted,2026-06-26T02:09,South Tamarashire
KW-TRK-0000669,KW-O-000669,Bluedart,delivered,2026-06-09T14:52,Ambermouth
KW-TRK-0000670,KW-O-000670,Ecom Express,in_transit,2026-06-22T11:12,West Marvinchester
KW-TRK-0000671,KW-O-000671,Delhivery,exception,2026-06-14T13:36,South Mariachester
KW-TRK-0000672,KW-O-000672,Bluedart,returned_to_origin,2026-07-10T19:17,Sloanshire
KW-TRK-0000673,KW-O-000673,IndiaPost,out_for_delivery,2026-06-07T17:24,West Mary
KW-TRK-0000674,KW-O-000674,XpressBees,out_for_delivery,2026-06-30T20:42,South Joseph
KW-TRK-0000675,KW-O-000675,Bluedart,delivery_attempted,2026-07-02T09:57,Port Jeromeshire
KW-TRK-0000676,KW-O-000676,Bluedart,exception,2026-06-21T22:36,Ralphtown
KW-TRK-0000677,KW-O-000677,Ecom Express,returned_to_origin,2026-07-13T02:45,North Jeffrey
KW-TRK-0000678,KW-O-000678,IndiaPost,delivered,2026-06-25T13:34,Allentown
KW-TRK-0000679,KW-O-000679,Delhivery,returned_to_origin,2026-06-07T05:14,Williamsland
KW-TRK-0000680,KW-O-000680,Delhivery,delivery_attempted,2026-06-24T05:57,Amandaside
KW-TRK-0000681,KW-O-000681,XpressBees,delivered,2026-07-19T00:40,Smithport
KW-TRK-0000682,KW-O-000682,Ecom Express,out_for_delivery,2026-06-23T20:37,South Vanessaborough
KW-TRK-0000683,KW-O-000683,XpressBees,in_transit,2026-07-29T11:14,Kimberlybury
KW-TRK-0000684,KW-O-000684,Ecom Express,returned_to_origin,2026-06-04T06:16,Castromouth
KW-TRK-0000685,KW-O-000685,Bluedart,in_transit,2026-07-26T00:41,New Diana
KW-TRK-0000686,KW-O-000686,Ecom Express,in_transit,2026-07-10T10:04,Lake Rubenmouth
KW-TRK-0000687,KW-O-000687,Delhivery,exception,2026-07-08T23:55,South Andrew
KW-TRK-0000688,KW-O-000688,IndiaPost,delivered,2026-06-06T15:03,Lake Jessica
KW-TRK-0000689,KW-O-000689,Bluedart,exception,2026-07-02T11:32,Lake Kelly
KW-TRK-0000690,KW-O-000690,IndiaPost,returned_to_origin,2026-06-25T18:57,Robertchester
KW-TRK-0000691,KW-O-000691,Bluedart,delivered,2026-07-10T08:51,Lake Frank
KW-TRK-0000692,KW-O-000692,Ecom Express,in_transit,2026-06-04T02:27,Port Sarahport
KW-TRK-0000693,KW-O-000693,Delhivery,returned_to_origin,2026-06-27T04:45,North Tonyaville
KW-TRK-0000694,KW-O-000694,Ecom Express,delivered,2026-07-21T23:24,East Cameronview
KW-TRK-0000695,KW-O-000695,Ecom Express,delivery_attempted,2026-06-30T07:05,North Kathy
KW-TRK-0000696,KW-O-000696,Delhivery,in_transit,2026-06-11T20:36,Davidside
KW-TRK-0000697,KW-O-000697,XpressBees,in_transit,2026-07-30T09:59,Dixonfort
KW-TRK-0000698,KW-O-000698,Bluedart,out_for_delivery,2026-06-23T02:44,Kristenstad
KW-TRK-0000699,KW-O-000699,Delhivery,in_transit,2026-06-11T14:11,West Gregoryborough
KW-TRK-0000700,KW-O-000700,IndiaPost,delivered,2026-06-12T14:02,Jessicaland
KW-TRK-0000701,KW-O-000701,XpressBees,returned_to_origin,2026-07-25T12:52,East Dustinburgh
KW-TRK-0000702,KW-O-000702,XpressBees,in_transit,2026-07-11T18:58,South Vickie
KW-TRK-0000703,KW-O-000703,Bluedart,returned_to_origin,2026-06-13T06:11,Anthonyfurt
KW-TRK-0000704,KW-O-000704,IndiaPost,delivered,2026-06-05T12:21,Garciahaven
KW-TRK-0000705,KW-O-000705,IndiaPost,delivered,2026-06-14T00:35,Lewisborough
KW-TRK-0000706,KW-O-000706,XpressBees,out_for_delivery,2026-07-10T05:29,Ayalaland
KW-TRK-0000707,KW-O-000707,IndiaPost,delivery_attempted,2026-07-06T18:37,Port Diane
KW-TRK-0000708,KW-O-000708,Bluedart,delivered,2026-07-11T07:57,Grantmouth
KW-TRK-0000709,KW-O-000709,Bluedart,delivery_attempted,2026-06-17T20:38,Morrisstad
KW-TRK-0000710,KW-O-000710,Delhivery,exception,2026-07-22T09:30,North Benjamin
KW-TRK-0000711,KW-O-000711,Ecom Express,out_for_delivery,2026-07-31T00:38,North Ashley
KW-TRK-0000712,KW-O-000712,IndiaPost,delivered,2026-07-13T15:15,Lake Sarahmouth
KW-TRK-0000713,KW-O-000713,XpressBees,exception,2026-07-26T13:27,Bradytown
KW-TRK-0000714,KW-O-000714,IndiaPost,out_for_delivery,2026-06-03T08:40,Michelleland
KW-TRK-0000715,KW-O-000715,Delhivery,in_transit,2026-06-27T08:03,Port Cody
KW-TRK-0000716,KW-O-000716,XpressBees,delivery_attempted,2026-06-10T04:11,New Derekfort
KW-TRK-0000717,KW-O-000717,Bluedart,out_for_delivery,2026-07-09T14:30,Davidton
KW-TRK-0000718,KW-O-000718,Ecom Express,out_for_delivery,2026-06-29T23:28,Johnside
KW-TRK-0000719,KW-O-000719,IndiaPost,delivery_attempted,2026-07-01T01:13,Carterville
KW-TRK-0000720,KW-O-000720,Bluedart,delivered,2026-06-30T16:10,West Elizabethberg
KW-TRK-0000721,KW-O-000721,Delhivery,exception,2026-07-17T21:53,Lisaberg
KW-TRK-0000722,KW-O-000722,Bluedart,exception,2026-07-28T21:15,Matthewchester
KW-TRK-0000723,KW-O-000723,IndiaPost,delivered,2026-07-05T02:32,New Michaelfort
KW-TRK-0000724,KW-O-000724,Delhivery,in_transit,2026-07-01T04:06,Joannachester
KW-TRK-0000725,KW-O-000725,Ecom Express,returned_to_origin,2026-07-08T02:58,North Tinamouth
KW-TRK-0000726,KW-O-000726,Ecom Express,in_transit,2026-07-26T17:44,Lake Christopher
KW-TRK-0000727,KW-O-000727,Bluedart,in_transit,2026-06-16T11:13,New Carrie
KW-TRK-0000728,KW-O-000728,XpressBees,in_transit,2026-07-13T18:53,West Danielview
KW-TRK-0000729,KW-O-000729,XpressBees,delivered,2026-07-01T23:43,Lucasville
KW-TRK-0000730,KW-O-000730,IndiaPost,out_for_delivery,2026-07-02T23:19,New Jason
KW-TRK-0000731,KW-O-000731,IndiaPost,delivered,2026-06-15T12:06,East Brandonport
KW-TRK-0000732,KW-O-000732,IndiaPost,exception,2026-06-15T20:53,Port Jennifershire
KW-TRK-0000733,KW-O-000733,XpressBees,delivered,2026-06-22T02:19,Rebeccaport
KW-TRK-0000734,KW-O-000734,IndiaPost,exception,2026-06-11T09:19,South Karenton
KW-TRK-0000735,KW-O-000735,Bluedart,returned_to_origin,2026-06-04T18:47,Samanthachester
KW-TRK-0000736,KW-O-000736,XpressBees,returned_to_origin,2026-06-17T20:37,Lake Mathewton
KW-TRK-0000737,KW-O-000737,Ecom Express,delivered,2026-06-07T21:05,North Clinton
KW-TRK-0000738,KW-O-000738,XpressBees,in_transit,2026-06-28T00:26,North Patriciaton
KW-TRK-0000739,KW-O-000739,IndiaPost,exception,2026-07-01T05:21,Pachecofurt
KW-TRK-0000740,KW-O-000740,IndiaPost,in_transit,2026-06-17T00:32,West Erikside
KW-TRK-0000741,KW-O-000741,Delhivery,delivery_attempted,2026-06-02T23:03,North Matthew
KW-TRK-0000742,KW-O-000742,IndiaPost,delivered,2026-06-13T06:47,Lake Samantha
KW-TRK-0000743,KW-O-000743,IndiaPost,in_transit,2026-07-13T22:03,Lake Lisafort
KW-TRK-0000744,KW-O-000744,Bluedart,out_for_delivery,2026-06-19T05:11,Lake Jean
KW-TRK-0000745,KW-O-000745,Ecom Express,out_for_delivery,2026-07-04T23:03,Lake Susan
KW-TRK-0000746,KW-O-000746,Ecom Express,out_for_delivery,2026-06-10T04:01,South Adam
KW-TRK-0000747,KW-O-000747,Delhivery,delivered,2026-06-11T10:25,Barbaraborough
KW-TRK-0000748,KW-O-000748,IndiaPost,delivery_attempted,2026-06-20T11:31,Kelleyton
KW-TRK-0000749,KW-O-000749,Delhivery,returned_to_origin,2026-06-05T02:37,Clarkfurt
KW-TRK-0000750,KW-O-000750,XpressBees,delivered,2026-07-01T10:06,Port Allison
KW-TRK-0000751,KW-O-000751,Bluedart,delivery_attempted,2026-07-08T07:06,Derekshire
KW-TRK-0000752,KW-O-000752,Ecom Express,exception,2026-06-05T10:35,Bartlettport
KW-TRK-0000753,KW-O-000753,Bluedart,delivery_attempted,2026-06-26T09:18,Johnville
KW-TRK-0000754,KW-O-000754,IndiaPost,returned_to_origin,2026-06-05T21:17,Scottfort
KW-TRK-0000755,KW-O-000755,Ecom Express,returned_to_origin,2026-06-28T09:51,North Richardborough
KW-TRK-0000756,KW-O-000756,XpressBees,out_for_delivery,2026-07-26T03:14,Hayleyshire
KW-TRK-0000757,KW-O-000757,Bluedart,delivery_attempted,2026-06-20T14:54,Port Danielle
KW-TRK-0000758,KW-O-000758,XpressBees,out_for_delivery,2026-06-22T21:20,Lake Johnton
KW-TRK-0000759,KW-O-000759,XpressBees,exception,2026-07-11T19:17,East Julie
KW-TRK-0000760,KW-O-000760,XpressBees,exception,2026-06-12T09:45,Lake Ralphborough
KW-TRK-0000761,KW-O-000761,Bluedart,returned_to_origin,2026-06-18T06:17,Susanshire
KW-TRK-0000762,KW-O-000762,XpressBees,delivery_attempted,2026-07-06T17:45,Lake Jasonville
KW-TRK-0000763,KW-O-000763,IndiaPost,in_transit,2026-06-15T15:20,South Danielborough
KW-TRK-0000764,KW-O-000764,Bluedart,delivery_attempted,2026-06-30T00:50,Thomasville
KW-TRK-0000765,KW-O-000765,IndiaPost,delivered,2026-07-12T01:33,Markchester
KW-TRK-0000766,KW-O-000766,IndiaPost,delivery_attempted,2026-06-27T14:10,Kellerview
KW-TRK-0000767,KW-O-000767,IndiaPost,returned_to_origin,2026-07-06T21:36,Alvaradoberg
KW-TRK-0000768,KW-O-000768,IndiaPost,out_for_delivery,2026-07-04T12:02,South Michael
KW-TRK-0000769,KW-O-000769,Bluedart,returned_to_origin,2026-06-27T18:18,South Tracy
KW-TRK-0000770,KW-O-000770,Ecom Express,in_transit,2026-06-09T22:11,Samuelview
KW-TRK-0000771,KW-O-000771,Ecom Express,out_for_delivery,2026-07-28T01:34,South Steventon
KW-TRK-0000772,KW-O-000772,XpressBees,returned_to_origin,2026-06-17T10:44,Lake Stephenport
KW-TRK-0000773,KW-O-000773,Ecom Express,delivery_attempted,2026-06-03T21:22,South Daniel
KW-TRK-0000774,KW-O-000774,XpressBees,returned_to_origin,2026-06-18T22:36,Donaldview
KW-TRK-0000775,KW-O-000775,XpressBees,delivery_attempted,2026-06-14T00:10,South Kayla
KW-TRK-0000776,KW-O-000776,Bluedart,out_for_delivery,2026-07-22T22:56,Floydhaven
KW-TRK-0000777,KW-O-000777,Ecom Express,exception,2026-07-04T21:28,New Shawnport
KW-TRK-0000778,KW-O-000778,Bluedart,delivered,2026-06-25T12:33,South James
KW-TRK-0000779,KW-O-000779,XpressBees,exception,2026-06-17T05:48,Maryfurt
KW-TRK-0000780,KW-O-000780,Ecom Express,exception,2026-07-04T18:15,Ethanbury
KW-TRK-0000781,KW-O-000781,Delhivery,in_transit,2026-06-26T06:29,Conwaytown
KW-TRK-0000782,KW-O-000782,Delhivery,exception,2026-07-24T22:47,Lake Todd
KW-TRK-0000783,KW-O-000783,IndiaPost,delivered,2026-07-27T04:11,New William
KW-TRK-0000784,KW-O-000784,Bluedart,returned_to_origin,2026-06-14T05:42,North Joseph
KW-TRK-0000785,KW-O-000785,XpressBees,returned_to_origin,2026-06-05T19:18,Alexaville
KW-TRK-0000786,KW-O-000786,Ecom Express,out_for_delivery,2026-07-23T20:11,Michellehaven
KW-TRK-0000787,KW-O-000787,Delhivery,returned_to_origin,2026-06-06T12:30,Julietown
KW-TRK-0000788,KW-O-000788,Ecom Express,out_for_delivery,2026-06-03T20:12,New Susanville
KW-TRK-0000789,KW-O-000789,IndiaPost,delivery_attempted,2026-06-23T16:02,West Johnny
KW-TRK-0000790,KW-O-000790,Bluedart,exception,2026-07-24T22:14,Port Susan
KW-TRK-0000791,KW-O-000791,Delhivery,in_transit,2026-06-24T09:56,Lake Tyler
KW-TRK-0000792,KW-O-000792,XpressBees,returned_to_origin,2026-06-30T11:36,East Susanmouth
KW-TRK-0000793,KW-O-000793,Bluedart,in_transit,2026-07-14T04:45,Bradleytown
KW-TRK-0000794,KW-O-000794,IndiaPost,delivery_attempted,2026-07-11T09:22,Leeville
KW-TRK-0000795,KW-O-000795,XpressBees,out_for_delivery,2026-06-08T16:51,Jenniferchester
KW-TRK-0000796,KW-O-000796,XpressBees,exception,2026-06-14T07:39,Heatherview
KW-TRK-0000797,KW-O-000797,Bluedart,delivered,2026-06-03T14:35,Lake Richard
KW-TRK-0000798,KW-O-000798,IndiaPost,in_transit,2026-07-28T13:19,Codyfort
KW-TRK-0000799,KW-O-000799,IndiaPost,in_transit,2026-07-30T19:28,East Mark
KW-TRK-0000800,KW-O-000800,Ecom Express,delivery_attempted,2026-06-30T20:17,Michaelbury
KW-TRK-0000801,KW-O-000801,Ecom Express,delivered,2026-06-29T07:15,Trevorchester
KW-TRK-0000802,KW-O-000802,Bluedart,delivery_attempted,2026-07-29T18:21,Lake Charlesshire
KW-TRK-0000803,KW-O-000803,Bluedart,delivered,2026-06-26T09:05,East Robert
KW-TRK-0000804,KW-O-000804,XpressBees,delivery_attempted,2026-07-14T12:15,East Stuartside
KW-TRK-0000805,KW-O-000805,IndiaPost,out_for_delivery,2026-07-25T23:57,North Erinside
KW-TRK-0000806,KW-O-000806,Ecom Express,out_for_delivery,2026-06-13T16:20,Higginsbury
KW-TRK-0000807,KW-O-000807,Ecom Express,exception,2026-07-08T13:21,East Nathan
KW-TRK-0000808,KW-O-000808,IndiaPost,delivery_attempted,2026-07-13T14:24,West Alexandershire
KW-TRK-0000809,KW-O-000809,XpressBees,delivered,2026-07-30T13:51,Martinezview
KW-TRK-0000810,KW-O-000810,IndiaPost,returned_to_origin,2026-06-18T05:58,Orozcoland
KW-TRK-0000811,KW-O-000811,XpressBees,delivery_attempted,2026-06-19T20:33,Sandraville
KW-TRK-0000812,KW-O-000812,IndiaPost,out_for_delivery,2026-06-18T07:17,Port Johnside
KW-TRK-0000813,KW-O-000813,IndiaPost,out_for_delivery,2026-06-18T15:04,North Thomas
KW-TRK-0000814,KW-O-000814,Ecom Express,out_for_delivery,2026-07-19T20:30,Ambertown
KW-TRK-0000815,KW-O-000815,Bluedart,out_for_delivery,2026-08-01T03:55,Montoyaborough
KW-TRK-0000816,KW-O-000816,Bluedart,returned_to_origin,2026-06-06T06:52,Clayville
KW-TRK-0000817,KW-O-000817,Ecom Express,delivery_attempted,2026-07-11T17:52,New Brandishire
KW-TRK-0000818,KW-O-000818,Ecom Express,exception,2026-06-12T23:28,Aaronstad
KW-TRK-0000819,KW-O-000819,Ecom Express,in_transit,2026-06-25T01:15,Karenside
KW-TRK-0000820,KW-O-000820,Ecom Express,out_for_delivery,2026-06-04T10:04,North Joanne
KW-TRK-0000821,KW-O-000821,IndiaPost,delivery_attempted,2026-07-22T16:52,Lake Joshuaburgh
KW-TRK-0000822,KW-O-000822,Delhivery,out_for_delivery,2026-07-28T10:12,East Joan
KW-TRK-0000823,KW-O-000823,XpressBees,delivery_attempted,2026-07-09T17:18,East Margaret
KW-TRK-0000824,KW-O-000824,XpressBees,in_transit,2026-07-14T06:21,East Kenneth
KW-TRK-0000825,KW-O-000825,Bluedart,delivered,2026-06-10T19:08,Lake Shannonberg
KW-TRK-0000826,KW-O-000826,XpressBees,in_transit,2026-07-18T02:01,North Jessicaborough
KW-TRK-0000827,KW-O-000827,Bluedart,out_for_delivery,2026-06-28T09:32,Courtneyport
KW-TRK-0000828,KW-O-000828,Delhivery,out_for_delivery,2026-07-13T21:45,Mooreland
KW-TRK-0000829,KW-O-000829,Delhivery,delivery_attempted,2026-06-26T16:21,South Nicholas
KW-TRK-0000830,KW-O-000830,Delhivery,delivery_attempted,2026-06-26T14:06,West Austin
KW-TRK-0000831,KW-O-000831,XpressBees,in_transit,2026-06-08T22:00,Lake Megan
KW-TRK-0000832,KW-O-000832,Delhivery,in_transit,2026-07-23T09:34,Rodriguezburgh
KW-TRK-0000833,KW-O-000833,Ecom Express,out_for_delivery,2026-06-30T06:19,North Eric
KW-TRK-0000834,KW-O-000834,Bluedart,out_for_delivery,2026-07-05T19:38,South Jermaineburgh
KW-TRK-0000835,KW-O-000835,IndiaPost,exception,2026-06-13T23:02,Jenniferside
KW-TRK-0000836,KW-O-000836,IndiaPost,exception,2026-07-26T21:28,Oliviaburgh
KW-TRK-0000837,KW-O-000837,Delhivery,delivery_attempted,2026-06-14T10:43,South Roger
KW-TRK-0000838,KW-O-000838,Bluedart,in_transit,2026-06-30T05:38,Ramirezview
KW-TRK-0000839,KW-O-000839,IndiaPost,delivery_attempted,2026-06-18T22:28,Lake Lauren
KW-TRK-0000840,KW-O-000840,Bluedart,delivery_attempted,2026-06-22T06:37,East Richardfurt
KW-TRK-0000841,KW-O-000841,Ecom Express,delivery_attempted,2026-07-24T16:12,Hoshire
KW-TRK-0000842,KW-O-000842,IndiaPost,out_for_delivery,2026-07-05T18:08,Port Heatherton
KW-TRK-0000843,KW-O-000843,Ecom Express,in_transit,2026-06-29T14:46,Lake Isabella
KW-TRK-0000844,KW-O-000844,Ecom Express,delivered,2026-07-12T21:58,New Timothyshire
KW-TRK-0000845,KW-O-000845,Ecom Express,delivery_attempted,2026-06-21T05:02,North April
KW-TRK-0000846,KW-O-000846,Bluedart,exception,2026-06-11T20:41,Port David
KW-TRK-0000847,KW-O-000847,IndiaPost,returned_to_origin,2026-07-24T04:49,New Micheleside
KW-TRK-0000848,KW-O-000848,Ecom Express,returned_to_origin,2026-06-19T11:23,East Amberland
KW-TRK-0000849,KW-O-000849,IndiaPost,delivery_attempted,2026-06-24T20:11,Alicialand
KW-TRK-0000850,KW-O-000850,IndiaPost,exception,2026-06-04T04:53,Joseside
KW-TRK-0000851,KW-O-000851,Bluedart,returned_to_origin,2026-07-23T02:56,Port Gregory
KW-TRK-0000852,KW-O-000852,XpressBees,delivered,2026-06-24T02:00,Henryborough
KW-TRK-0000853,KW-O-000853,XpressBees,out_for_delivery,2026-06-06T18:40,Port Kristy
KW-TRK-0000854,KW-O-000854,Bluedart,delivered,2026-07-25T11:37,New Dylanmouth
KW-TRK-0000855,KW-O-000855,Ecom Express,delivery_attempted,2026-07-21T14:38,South Jenniferside
KW-TRK-0000856,KW-O-000856,Bluedart,delivery_attempted,2026-07-08T15:22,Lake Kathleenmouth
KW-TRK-0000857,KW-O-000857,IndiaPost,in_transit,2026-07-22T18:32,Lake Joshua
KW-TRK-0000858,KW-O-000858,XpressBees,in_transit,2026-06-28T01:34,Anthonytown
KW-TRK-0000859,KW-O-000859,Bluedart,returned_to_origin,2026-06-06T00:57,Port Elizabethtown
KW-TRK-0000860,KW-O-000860,Delhivery,delivered,2026-06-29T23:32,North Marcusshire
KW-TRK-0000861,KW-O-000861,IndiaPost,exception,2026-06-20T07:06,North Haileyfort
KW-TRK-0000862,KW-O-000862,XpressBees,returned_to_origin,2026-06-18T22:13,South Kristenside
KW-TRK-0000863,KW-O-000863,IndiaPost,in_transit,2026-07-17T17:51,Briantown
KW-TRK-0000864,KW-O-000864,Delhivery,delivered,2026-07-09T00:42,West Lawrence
KW-TRK-0000865,KW-O-000865,Bluedart,returned_to_origin,2026-07-16T19:04,Port Robinport
KW-TRK-0000866,KW-O-000866,Delhivery,delivery_attempted,2026-06-21T22:48,Joseland
KW-TRK-0000867,KW-O-000867,Bluedart,delivered,2026-07-27T03:09,New Elizabeth
KW-TRK-0000868,KW-O-000868,Delhivery,exception,2026-06-11T11:18,Mitchellhaven
KW-TRK-0000869,KW-O-000869,XpressBees,in_transit,2026-06-20T19:41,East Gregoryport
KW-TRK-0000870,KW-O-000870,IndiaPost,out_for_delivery,2026-06-17T02:29,West Nicolaston
KW-TRK-0000871,KW-O-000871,XpressBees,exception,2026-06-21T22:20,Mcdonaldton
KW-TRK-0000872,KW-O-000872,XpressBees,exception,2026-06-03T01:06,North Ebonybury
KW-TRK-0000873,KW-O-000873,Ecom Express,delivered,2026-06-03T00:44,Reedmouth
KW-TRK-0000874,KW-O-000874,Delhivery,in_transit,2026-07-23T07:32,West Jenniferview
KW-TRK-0000875,KW-O-000875,Delhivery,delivered,2026-07-27T11:48,South Nicholas
KW-TRK-0000876,KW-O-000876,Bluedart,exception,2026-06-10T05:31,East Robertview
KW-TRK-0000877,KW-O-000877,IndiaPost,delivered,2026-07-19T22:58,West Mike
KW-TRK-0000878,KW-O-000878,IndiaPost,delivered,2026-07-28T17:58,West Kyleburgh
KW-TRK-0000879,KW-O-000879,Delhivery,exception,2026-07-18T17:08,Blairside
KW-TRK-0000880,KW-O-000880,Delhivery,returned_to_origin,2026-07-11T21:39,Lake Terrychester
KW-TRK-0000881,KW-O-000881,XpressBees,in_transit,2026-06-22T03:06,East Robert
KW-TRK-0000882,KW-O-000882,Delhivery,exception,2026-07-18T11:58,Montgomerytown
KW-TRK-0000883,KW-O-000883,Delhivery,exception,2026-06-18T01:00,East Caleb
KW-TRK-0000884,KW-O-000884,IndiaPost,exception,2026-07-26T14:09,Laurieville
KW-TRK-0000885,KW-O-000885,Bluedart,returned_to_origin,2026-06-09T16:12,Kinghaven
KW-TRK-0000886,KW-O-000886,Ecom Express,delivered,2026-06-22T12:36,New Rosetown
KW-TRK-0000887,KW-O-000887,XpressBees,out_for_delivery,2026-07-07T19:36,Connieview
KW-TRK-0000888,KW-O-000888,XpressBees,returned_to_origin,2026-06-26T13:22,New Stacy
KW-TRK-0000889,KW-O-000889,Bluedart,out_for_delivery,2026-06-10T22:55,Gilmorebury
KW-TRK-0000890,KW-O-000890,Delhivery,delivery_attempted,2026-07-19T15:03,South Jennifer
KW-TRK-0000891,KW-O-000891,Bluedart,delivery_attempted,2026-06-07T08:39,New Deborah
KW-TRK-0000892,KW-O-000892,Delhivery,out_for_delivery,2026-07-21T06:36,Adamsberg
KW-TRK-0000893,KW-O-000893,Ecom Express,in_transit,2026-07-18T08:28,East Heatherport
KW-TRK-0000894,KW-O-000894,XpressBees,delivery_attempted,2026-07-11T13:36,New Ashley
KW-TRK-0000895,KW-O-000895,Bluedart,out_for_delivery,2026-07-21T23:29,Rickeyburgh
KW-TRK-0000896,KW-O-000896,IndiaPost,delivered,2026-07-30T10:05,East Natashaberg
KW-TRK-0000897,KW-O-000897,Bluedart,delivery_attempted,2026-06-17T21:30,Jenniferhaven
KW-TRK-0000898,KW-O-000898,IndiaPost,exception,2026-06-26T17:34,Lewisport
KW-TRK-0000899,KW-O-000899,XpressBees,returned_to_origin,2026-06-09T06:20,Christopherton
KW-TRK-0000900,KW-O-000900,Bluedart,delivered,2026-06-05T07:33,Carterfurt
KW-TRK-0000901,KW-O-000901,Delhivery,returned_to_origin,2026-06-10T22:13,West Sophia
KW-TRK-0000902,KW-O-000902,IndiaPost,delivery_attempted,2026-07-24T12:21,Katherineton
KW-TRK-0000903,KW-O-000903,Bluedart,out_for_delivery,2026-07-23T22:31,South Kristina
KW-TRK-0000904,KW-O-000904,XpressBees,exception,2026-06-26T00:02,Matthewburgh
KW-TRK-0000905,KW-O-000905,IndiaPost,returned_to_origin,2026-06-23T20:53,Jamestown
KW-TRK-0000906,KW-O-000906,XpressBees,exception,2026-07-24T19:24,South Nicholaschester
KW-TRK-0000907,KW-O-000907,Ecom Express,exception,2026-07-27T10:57,Michellehaven
KW-TRK-0000908,KW-O-000908,Delhivery,in_transit,2026-07-26T08:56,Port Jeremiahville
KW-TRK-0000909,KW-O-000909,Delhivery,out_for_delivery,2026-07-15T21:00,Johnhaven
KW-TRK-0000910,KW-O-000910,XpressBees,in_transit,2026-06-28T23:13,Port Toni
KW-TRK-0000911,KW-O-000911,IndiaPost,returned_to_origin,2026-07-06T04:45,Jessicaberg
KW-TRK-0000912,KW-O-000912,Delhivery,returned_to_origin,2026-07-03T02:58,Bishopton
KW-TRK-0000913,KW-O-000913,Delhivery,delivery_attempted,2026-07-29T15:56,Benjaminton
KW-TRK-0000914,KW-O-000914,XpressBees,exception,2026-06-16T19:22,Johnborough
KW-TRK-0000915,KW-O-000915,Delhivery,out_for_delivery,2026-06-06T12:35,Port Madison
KW-TRK-0000916,KW-O-000916,IndiaPost,out_for_delivery,2026-07-01T13:14,Port Alicia
KW-TRK-0000917,KW-O-000917,XpressBees,delivery_attempted,2026-06-11T23:59,Nicoleville
KW-TRK-0000918,KW-O-000918,Bluedart,delivered,2026-07-14T07:12,Chandlerberg
KW-TRK-0000919,KW-O-000919,Delhivery,out_for_delivery,2026-06-07T10:08,North Codymouth
KW-TRK-0000920,KW-O-000920,IndiaPost,delivery_attempted,2026-07-26T00:30,Griffithville
KW-TRK-0000921,KW-O-000921,Bluedart,in_transit,2026-07-28T07:11,New Theresabury
KW-TRK-0000922,KW-O-000922,Ecom Express,delivery_attempted,2026-07-20T01:36,Lake Erikafort
KW-TRK-0000923,KW-O-000923,Bluedart,in_transit,2026-06-29T06:20,East Richard
KW-TRK-0000924,KW-O-000924,Bluedart,out_for_delivery,2026-07-26T21:03,Yvonneton
KW-TRK-0000925,KW-O-000925,Bluedart,delivered,2026-07-01T00:03,Bondland
KW-TRK-0000926,KW-O-000926,IndiaPost,in_transit,2026-06-17T18:14,Port Cherylhaven
KW-TRK-0000927,KW-O-000927,Bluedart,returned_to_origin,2026-06-21T22:38,Changmouth
KW-TRK-0000928,KW-O-000928,IndiaPost,out_for_delivery,2026-06-30T01:01,Davishaven
KW-TRK-0000929,KW-O-000929,XpressBees,delivery_attempted,2026-07-02T05:41,Maxwellhaven
KW-TRK-0000930,KW-O-000930,XpressBees,delivered,2026-07-11T11:20,North Rhondaborough
KW-TRK-0000931,KW-O-000931,Delhivery,out_for_delivery,2026-07-15T22:29,Port Anthonyville
KW-TRK-0000932,KW-O-000932,XpressBees,exception,2026-07-26T08:56,Kimberlyville
KW-TRK-0000933,KW-O-000933,IndiaPost,exception,2026-06-09T04:38,Port Carla
KW-TRK-0000934,KW-O-000934,IndiaPost,out_for_delivery,2026-06-14T23:46,East Haleymouth
KW-TRK-0000935,KW-O-000935,IndiaPost,delivery_attempted,2026-07-11T21:54,Walshfort
KW-TRK-0000936,KW-O-000936,Bluedart,exception,2026-07-12T18:23,Jessicaville
KW-TRK-0000937,KW-O-000937,Delhivery,returned_to_origin,2026-07-04T14:12,Rangelborough
KW-TRK-0000938,KW-O-000938,Bluedart,exception,2026-06-25T16:39,Richardsonstad
KW-TRK-0000939,KW-O-000939,IndiaPost,returned_to_origin,2026-07-27T14:53,North Charles
KW-TRK-0000940,KW-O-000940,XpressBees,in_transit,2026-07-13T19:09,Port Davidhaven
KW-TRK-0000941,KW-O-000941,Ecom Express,delivery_attempted,2026-06-30T16:53,Danielport
KW-TRK-0000942,KW-O-000942,Bluedart,exception,2026-07-12T11:05,East Randy
KW-TRK-0000943,KW-O-000943,XpressBees,returned_to_origin,2026-06-26T17:53,Coopertown
KW-TRK-0000944,KW-O-000944,Delhivery,delivery_attempted,2026-07-11T15:56,Port Wendy
KW-TRK-0000945,KW-O-000945,Delhivery,exception,2026-06-26T07:35,East Lisa
KW-TRK-0000946,KW-O-000946,IndiaPost,exception,2026-07-08T10:43,East Catherine
KW-TRK-0000947,KW-O-000947,IndiaPost,in_transit,2026-07-21T14:51,North John
KW-TRK-0000948,KW-O-000948,Ecom Express,delivered,2026-06-23T20:57,Matthewchester
KW-TRK-0000949,KW-O-000949,Ecom Express,delivery_attempted,2026-07-16T08:18,North Jonathanton
KW-TRK-0000950,KW-O-000950,IndiaPost,exception,2026-07-20T12:41,Davidside
KW-TRK-0000951,KW-O-000951,XpressBees,delivered,2026-07-27T00:33,Shepardton
KW-TRK-0000952,KW-O-000952,Delhivery,exception,2026-07-31T12:58,Crystalmouth
KW-TRK-0000953,KW-O-000953,Ecom Express,delivered,2026-07-21T09:58,South Selena
KW-TRK-0000954,KW-O-000954,Delhivery,delivery_attempted,2026-06-09T12:45,Grahamton
KW-TRK-0000955,KW-O-000955,XpressBees,exception,2026-07-22T04:30,North Juliechester
KW-TRK-0000956,KW-O-000956,Delhivery,delivery_attempted,2026-06-30T16:33,North Sherryton
KW-TRK-0000957,KW-O-000957,Ecom Express,returned_to_origin,2026-07-27T06:52,West Peter
KW-TRK-0000958,KW-O-000958,Delhivery,out_for_delivery,2026-07-09T00:14,Port Monicatown
KW-TRK-0000959,KW-O-000959,Bluedart,delivered,2026-06-15T01:08,Mooremouth
KW-TRK-0000960,KW-O-000960,Ecom Express,delivered,2026-07-03T20:53,West Shelbyborough
KW-TRK-0000961,KW-O-000961,Bluedart,out_for_delivery,2026-07-06T11:50,East Katrinaview
KW-TRK-0000962,KW-O-000962,IndiaPost,delivery_attempted,2026-06-08T10:01,Michaelchester
KW-TRK-0000963,KW-O-000963,Delhivery,in_transit,2026-07-18T22:03,South Ashley
KW-TRK-0000964,KW-O-000964,XpressBees,out_for_delivery,2026-08-01T08:41,Simsfort
KW-TRK-0000965,KW-O-000965,Ecom Express,returned_to_origin,2026-07-26T07:09,Hinesberg
KW-TRK-0000966,KW-O-000966,XpressBees,in_transit,2026-07-11T00:19,New Marie
KW-TRK-0000967,KW-O-000967,Bluedart,exception,2026-06-02T16:50,Karaton
KW-TRK-0000968,KW-O-000968,Delhivery,delivery_attempted,2026-07-12T06:46,East Kevinside
KW-TRK-0000969,KW-O-000969,Delhivery,out_for_delivery,2026-07-29T13:42,Port Allisonmouth
KW-TRK-0000970,KW-O-000970,Ecom Express,in_transit,2026-06-24T00:08,West Kenneth
KW-TRK-0000971,KW-O-000971,XpressBees,exception,2026-06-05T09:07,Royside
KW-TRK-0000972,KW-O-000972,Ecom Express,out_for_delivery,2026-07-20T00:45,South Brandon
KW-TRK-0000973,KW-O-000973,Ecom Express,in_transit,2026-06-17T14:17,Lake Nicholas
KW-TRK-0000974,KW-O-000974,IndiaPost,returned_to_origin,2026-07-25T16:04,North Curtisstad
KW-TRK-0000975,KW-O-000975,Bluedart,returned_to_origin,2026-07-08T19:33,Vazqueztown
KW-TRK-0000976,KW-O-000976,Ecom Express,delivered,2026-06-14T00:54,New Michealshire
KW-TRK-0000977,KW-O-000977,Bluedart,returned_to_origin,2026-07-12T11:50,Port Keithshire
KW-TRK-0000978,KW-O-000978,Bluedart,returned_to_origin,2026-07-30T00:09,North Jennifer
KW-TRK-0000979,KW-O-000979,IndiaPost,in_transit,2026-07-20T12:49,Braunshire
KW-TRK-0000980,KW-O-000980,XpressBees,out_for_delivery,2026-06-22T10:28,South Katelyn
KW-TRK-0000981,KW-O-000981,Bluedart,out_for_delivery,2026-06-14T19:02,Wangshire
KW-TRK-0000982,KW-O-000982,XpressBees,delivered,2026-06-05T12:12,Kaneport
KW-TRK-0000983,KW-O-000983,Delhivery,exception,2026-07-18T02:23,Davishaven
KW-TRK-0000984,KW-O-000984,Ecom Express,returned_to_origin,2026-06-30T14:55,Dustinstad
KW-TRK-0000985,KW-O-000985,Delhivery,delivered,2026-06-06T12:44,Walshshire
KW-TRK-0000986,KW-O-000986,Bluedart,delivery_attempted,2026-07-08T15:16,East Mark
KW-TRK-0000987,KW-O-000987,IndiaPost,delivered,2026-07-07T19:15,West Andrewhaven
KW-TRK-0000988,KW-O-000988,Ecom Express,delivery_attempted,2026-07-01T15:02,Ashleyborough
KW-TRK-0000989,KW-O-000989,XpressBees,delivery_attempted,2026-06-22T23:26,East Daniel
KW-TRK-0000990,KW-O-000990,Delhivery,returned_to_origin,2026-06-09T07:00,West Kimberly
KW-TRK-0000991,KW-O-000991,Bluedart,exception,2026-07-20T11:23,Powellside
KW-TRK-0000992,KW-O-000992,Bluedart,delivered,2026-07-10T15:46,South Cindytown
KW-TRK-0000993,KW-O-000993,Bluedart,delivered,2026-07-02T21:56,Mooreville
KW-TRK-0000994,KW-O-000994,IndiaPost,out_for_delivery,2026-07-23T04:32,Gallaghertown
KW-TRK-0000995,KW-O-000995,Ecom Express,in_transit,2026-06-07T07:21,Thompsonborough
KW-TRK-0000996,KW-O-000996,XpressBees,delivery_attempted,2026-06-03T00:26,Annabury
KW-TRK-0000997,KW-O-000997,Bluedart,exception,2026-07-14T06:40,West Elizabeth
KW-TRK-0000998,KW-O-000998,IndiaPost,in_transit,2026-07-11T23:45,Debrahaven
KW-TRK-0000999,KW-O-000999,Bluedart,exception,2026-07-05T15:57,Lake Penny
KW-TRK-0001000,KW-O-001000,Delhivery,in_transit,2026-07-15T03:27,Port Loriport
KW-TRK-0001001,KW-O-001001,IndiaPost,delivery_attempted,2026-06-04T09:34,West Susanville
KW-TRK-0001002,KW-O-001002,Delhivery,delivered,2026-06-30T17:06,Lake Ashley
KW-TRK-0001003,KW-O-001003,Ecom Express,delivery_attempted,2026-07-30T17:01,Petersonside
KW-TRK-0001004,KW-O-001004,IndiaPost,exception,2026-07-29T15:29,South Brittany
KW-TRK-0001005,KW-O-001005,Bluedart,returned_to_origin,2026-06-10T14:10,Amyberg
KW-TRK-0001006,KW-O-001006,Ecom Express,out_for_delivery,2026-06-24T17:16,Guerreroland
KW-TRK-0001007,KW-O-001007,IndiaPost,returned_to_origin,2026-07-16T05:11,Berrystad
KW-TRK-0001008,KW-O-001008,Ecom Express,delivery_attempted,2026-07-04T15:32,Mccoyborough
KW-TRK-0001009,KW-O-001009,Ecom Express,delivered,2026-07-10T13:13,New Timothychester
KW-TRK-0001010,KW-O-001010,Bluedart,delivery_attempted,2026-07-26T09:57,Lake Mariaberg
KW-TRK-0001011,KW-O-001011,Delhivery,delivered,2026-06-19T21:57,Port Allison
KW-TRK-0001012,KW-O-001012,IndiaPost,in_transit,2026-07-08T13:30,Tinaville
KW-TRK-0001013,KW-O-001013,Delhivery,out_for_delivery,2026-07-23T08:05,Meganview
KW-TRK-0001014,KW-O-001014,XpressBees,out_for_delivery,2026-07-02T12:02,Weaverbury
KW-TRK-0001015,KW-O-001015,XpressBees,exception,2026-07-29T13:03,Melissaview
KW-TRK-0001016,KW-O-001016,IndiaPost,returned_to_origin,2026-07-11T05:39,Port Anthonyburgh
KW-TRK-0001017,KW-O-001017,IndiaPost,exception,2026-06-07T05:55,Goodwintown
KW-TRK-0001018,KW-O-001018,XpressBees,exception,2026-06-13T13:42,Lake Melissachester
KW-TRK-0001019,KW-O-001019,XpressBees,delivery_attempted,2026-07-03T11:10,Solomonfurt
KW-TRK-0001020,KW-O-001020,XpressBees,returned_to_origin,2026-06-05T21:20,North Darrylfurt
KW-TRK-0001021,KW-O-001021,Ecom Express,in_transit,2026-06-30T10:42,North Christopher
KW-TRK-0001022,KW-O-001022,Bluedart,out_for_delivery,2026-07-13T01:25,Port Cheryl
KW-TRK-0001023,KW-O-001023,Delhivery,delivered,2026-07-23T11:42,North Sierrafurt
KW-TRK-0001024,KW-O-001024,IndiaPost,delivered,2026-07-04T18:26,New Deborahland
KW-TRK-0001025,KW-O-001025,Bluedart,out_for_delivery,2026-07-10T06:33,Crystalland
KW-TRK-0001026,KW-O-001026,Bluedart,returned_to_origin,2026-06-25T18:52,Brianchester
KW-TRK-0001027,KW-O-001027,IndiaPost,returned_to_origin,2026-06-07T20:42,Port Crystal
KW-TRK-0001028,KW-O-001028,Delhivery,out_for_delivery,2026-07-31T08:10,Port Brandi
KW-TRK-0001029,KW-O-001029,Delhivery,in_transit,2026-07-30T16:38,Mayberg
KW-TRK-0001030,KW-O-001030,Ecom Express,delivered,2026-06-23T07:01,Lake Michealview
KW-TRK-0001031,KW-O-001031,Bluedart,exception,2026-06-18T05:34,Andrefort
KW-TRK-0001032,KW-O-001032,Bluedart,out_for_delivery,2026-06-29T01:02,Ramosport
KW-TRK-0001033,KW-O-001033,Ecom Express,delivered,2026-07-15T01:10,Martinmouth
KW-TRK-0001034,KW-O-001034,XpressBees,returned_to_origin,2026-07-30T07:06,Lake Richard
KW-TRK-0001035,KW-O-001035,Bluedart,in_transit,2026-07-18T12:54,Powersberg
KW-TRK-0001036,KW-O-001036,Delhivery,delivered,2026-07-11T07:34,Andrewland
KW-TRK-0001037,KW-O-001037,IndiaPost,returned_to_origin,2026-07-19T11:23,Hardyfort
KW-TRK-0001038,KW-O-001038,Delhivery,out_for_delivery,2026-06-07T22:45,Leblancburgh
KW-TRK-0001039,KW-O-001039,IndiaPost,exception,2026-06-22T17:43,Port Kimberlytown
KW-TRK-0001040,KW-O-001040,IndiaPost,delivered,2026-07-15T17:59,Zunigaside
KW-TRK-0001041,KW-O-001041,XpressBees,out_for_delivery,2026-07-15T07:04,Carlosborough
KW-TRK-0001042,KW-O-001042,Bluedart,exception,2026-07-08T07:50,East Shawn
KW-TRK-0001043,KW-O-001043,Bluedart,in_transit,2026-06-30T00:40,East Stephaniemouth
KW-TRK-0001044,KW-O-001044,Bluedart,out_for_delivery,2026-07-11T02:35,Jenniferburgh
KW-TRK-0001045,KW-O-001045,IndiaPost,delivery_attempted,2026-07-19T07:06,West Ruth
KW-TRK-0001046,KW-O-001046,IndiaPost,delivery_attempted,2026-07-31T05:33,Rodriguezside
KW-TRK-0001047,KW-O-001047,Ecom Express,returned_to_origin,2026-06-21T23:03,South Alexburgh
KW-TRK-0001048,KW-O-001048,Delhivery,exception,2026-06-15T05:58,North Carrietown
KW-TRK-0001049,KW-O-001049,Ecom Express,returned_to_origin,2026-07-09T13:31,Rodriguezchester
KW-TRK-0001050,KW-O-001050,IndiaPost,out_for_delivery,2026-07-17T19:19,Port William
KW-TRK-0001051,KW-O-001051,Bluedart,returned_to_origin,2026-07-13T07:34,Davidfort
KW-TRK-0001052,KW-O-001052,IndiaPost,delivered,2026-07-04T06:18,Nicholasborough
KW-TRK-0001053,KW-O-001053,IndiaPost,returned_to_origin,2026-06-13T20:35,South Charles
KW-TRK-0001054,KW-O-001054,Delhivery,in_transit,2026-07-31T02:15,Kurtshire
KW-TRK-0001055,KW-O-001055,Ecom Express,delivered,2026-06-28T00:05,Lake Susanshire
KW-TRK-0001056,KW-O-001056,Bluedart,out_for_delivery,2026-07-24T14:50,Brandonfurt
KW-TRK-0001057,KW-O-001057,XpressBees,exception,2026-06-29T08:23,Williamville
KW-TRK-0001058,KW-O-001058,Ecom Express,out_for_delivery,2026-07-26T17:28,Hillton
KW-TRK-0001059,KW-O-001059,XpressBees,out_for_delivery,2026-07-08T23:37,South Jamie
KW-TRK-0001060,KW-O-001060,XpressBees,delivery_attempted,2026-07-11T13:38,Marilynfurt
KW-TRK-0001061,KW-O-001061,XpressBees,delivered,2026-06-14T03:08,Fergusonberg
KW-TRK-0001062,KW-O-001062,Delhivery,exception,2026-07-10T02:37,Figueroafort
KW-TRK-0001063,KW-O-001063,IndiaPost,delivery_attempted,2026-06-28T13:03,East Charles
KW-TRK-0001064,KW-O-001064,XpressBees,returned_to_origin,2026-07-13T18:39,Lake Christopher
KW-TRK-0001065,KW-O-001065,XpressBees,returned_to_origin,2026-07-28T23:46,Shannonshire
KW-TRK-0001066,KW-O-001066,IndiaPost,returned_to_origin,2026-06-03T04:00,North Courtney
KW-TRK-0001067,KW-O-001067,XpressBees,delivery_attempted,2026-07-22T16:32,Aprilchester
KW-TRK-0001068,KW-O-001068,IndiaPost,out_for_delivery,2026-07-27T05:11,New Amy
KW-TRK-0001069,KW-O-001069,Bluedart,delivered,2026-06-14T05:45,Muellermouth
KW-TRK-0001070,KW-O-001070,XpressBees,exception,2026-06-25T14:43,Port Ronald
KW-TRK-0001071,KW-O-001071,Ecom Express,returned_to_origin,2026-06-06T01:56,Port Lynn
KW-TRK-0001072,KW-O-001072,XpressBees,delivered,2026-07-31T14:10,North Melanie
KW-TRK-0001073,KW-O-001073,Bluedart,exception,2026-06-29T16:49,New Erin
KW-TRK-0001074,KW-O-001074,Ecom Express,delivered,2026-07-17T15:56,Rickymouth
KW-TRK-0001075,KW-O-001075,Ecom Express,out_for_delivery,2026-07-16T20:18,New Karen
KW-TRK-0001076,KW-O-001076,Bluedart,delivery_attempted,2026-06-15T17:52,South Kristenshire
KW-TRK-0001077,KW-O-001077,Ecom Express,delivered,2026-06-28T20:25,Powellville
KW-TRK-0001078,KW-O-001078,Ecom Express,exception,2026-06-16T23:50,Mendozaton
KW-TRK-0001079,KW-O-001079,IndiaPost,returned_to_origin,2026-07-12T08:56,Valenciafort
KW-TRK-0001080,KW-O-001080,Bluedart,in_transit,2026-07-30T18:45,South April
KW-TRK-0001081,KW-O-001081,Ecom Express,delivered,2026-07-17T01:02,Port Laura
KW-TRK-0001082,KW-O-001082,Delhivery,returned_to_origin,2026-07-18T12:25,Kathyfurt
KW-TRK-0001083,KW-O-001083,Ecom Express,in_transit,2026-07-16T16:25,North Donna
KW-TRK-0001084,KW-O-001084,Ecom Express,in_transit,2026-07-31T22:53,East Jeffrey
KW-TRK-0001085,KW-O-001085,Delhivery,returned_to_origin,2026-06-14T09:43,Markburgh
KW-TRK-0001086,KW-O-001086,Ecom Express,delivery_attempted,2026-06-03T01:59,South Erikastad
KW-TRK-0001087,KW-O-001087,Delhivery,delivery_attempted,2026-07-25T09:35,Port Matthewmouth
KW-TRK-0001088,KW-O-001088,Delhivery,returned_to_origin,2026-06-05T09:12,Lake Josephshire
KW-TRK-0001089,KW-O-001089,Delhivery,delivered,2026-07-12T13:28,Lake Charles
KW-TRK-0001090,KW-O-001090,XpressBees,returned_to_origin,2026-07-31T12:47,North Tina
KW-TRK-0001091,KW-O-001091,Bluedart,exception,2026-06-04T04:20,West Ashley
KW-TRK-0001092,KW-O-001092,XpressBees,exception,2026-07-08T12:00,Fischerton
KW-TRK-0001093,KW-O-001093,XpressBees,delivery_attempted,2026-07-19T00:12,Joeside
KW-TRK-0001094,KW-O-001094,IndiaPost,in_transit,2026-07-17T23:27,Kristatown
KW-TRK-0001095,KW-O-001095,Ecom Express,in_transit,2026-06-12T16:43,East Patricia
KW-TRK-0001096,KW-O-001096,Delhivery,returned_to_origin,2026-06-23T07:08,Port Markton
KW-TRK-0001097,KW-O-001097,XpressBees,exception,2026-06-19T04:55,Lake Meagan
KW-TRK-0001098,KW-O-001098,Ecom Express,delivery_attempted,2026-07-16T05:53,Proctorview
KW-TRK-0001099,KW-O-001099,XpressBees,delivery_attempted,2026-07-01T22:29,Deborahport
KW-TRK-0001100,KW-O-001100,IndiaPost,out_for_delivery,2026-06-11T07:21,Meghanhaven
KW-TRK-0001101,KW-O-001101,IndiaPost,delivery_attempted,2026-06-08T21:14,Lake Christopherstad
KW-TRK-0001102,KW-O-001102,XpressBees,delivery_attempted,2026-06-19T23:27,Garretthaven
KW-TRK-0001103,KW-O-001103,IndiaPost,delivery_attempted,2026-07-15T01:26,Riverston
KW-TRK-0001104,KW-O-001104,XpressBees,delivery_attempted,2026-06-09T04:06,Davisburgh
KW-TRK-0001105,KW-O-001105,IndiaPost,out_for_delivery,2026-06-24T08:41,New Richard
KW-TRK-0001106,KW-O-001106,XpressBees,delivery_attempted,2026-06-22T12:48,Woodsside
KW-TRK-0001107,KW-O-001107,XpressBees,in_transit,2026-06-25T20:24,North Sarah
KW-TRK-0001108,KW-O-001108,Bluedart,out_for_delivery,2026-06-16T04:50,Hillland
KW-TRK-0001109,KW-O-001109,IndiaPost,out_for_delivery,2026-07-01T19:08,Lake Courtneymouth
KW-TRK-0001110,KW-O-001110,XpressBees,returned_to_origin,2026-07-13T06:53,Bishopfort
KW-TRK-0001111,KW-O-001111,Ecom Express,in_transit,2026-07-31T14:30,Weavershire
KW-TRK-0001112,KW-O-001112,Ecom Express,delivery_attempted,2026-07-10T20:55,Wagnerberg
KW-TRK-0001113,KW-O-001113,Ecom Express,delivered,2026-07-27T10:15,West Zachary
KW-TRK-0001114,KW-O-001114,IndiaPost,delivery_attempted,2026-06-05T07:38,South Virginia
KW-TRK-0001115,KW-O-001115,Ecom Express,out_for_delivery,2026-07-10T15:25,Port Dawnmouth
KW-TRK-0001116,KW-O-001116,Ecom Express,delivered,2026-06-26T11:54,South Dawnbury
KW-TRK-0001117,KW-O-001117,Ecom Express,returned_to_origin,2026-07-05T01:03,Brettview
KW-TRK-0001118,KW-O-001118,Ecom Express,in_transit,2026-06-15T04:28,Lake Patriciastad
KW-TRK-0001119,KW-O-001119,Bluedart,exception,2026-07-17T12:42,Jamesmouth
KW-TRK-0001120,KW-O-001120,IndiaPost,out_for_delivery,2026-06-07T01:46,Carrolltown
KW-TRK-0001121,KW-O-001121,XpressBees,exception,2026-06-05T10:10,East Joshuaside
KW-TRK-0001122,KW-O-001122,Bluedart,exception,2026-06-19T12:35,Port Julie
KW-TRK-0001123,KW-O-001123,XpressBees,returned_to_origin,2026-06-26T14:27,Josephburgh
KW-TRK-0001124,KW-O-001124,Ecom Express,returned_to_origin,2026-06-18T06:01,Murrayfurt
KW-TRK-0001125,KW-O-001125,XpressBees,in_transit,2026-06-04T15:54,East Michael
KW-TRK-0001126,KW-O-001126,XpressBees,out_for_delivery,2026-06-04T04:45,Jacobbury
KW-TRK-0001127,KW-O-001127,Ecom Express,out_for_delivery,2026-07-09T18:51,Lake Amanda
KW-TRK-0001128,KW-O-001128,Ecom Express,in_transit,2026-06-30T10:02,Kristinebury
KW-TRK-0001129,KW-O-001129,Ecom Express,delivery_attempted,2026-07-23T07:29,New Susan
KW-TRK-0001130,KW-O-001130,IndiaPost,returned_to_origin,2026-07-13T00:47,West Richardview
KW-TRK-0001131,KW-O-001131,XpressBees,in_transit,2026-06-06T02:21,Lake Erinmouth
KW-TRK-0001132,KW-O-001132,Bluedart,returned_to_origin,2026-06-18T19:44,New Kathleen
KW-TRK-0001133,KW-O-001133,Delhivery,out_for_delivery,2026-06-11T01:29,Thompsonmouth
KW-TRK-0001134,KW-O-001134,Ecom Express,out_for_delivery,2026-07-01T13:08,Jacksonshire
KW-TRK-0001135,KW-O-001135,Bluedart,delivered,2026-06-14T07:13,South Sophia
KW-TRK-0001136,KW-O-001136,Ecom Express,exception,2026-07-16T15:57,Port Heather
KW-TRK-0001137,KW-O-001137,Ecom Express,returned_to_origin,2026-06-28T06:54,Alyssastad
KW-TRK-0001138,KW-O-001138,Delhivery,delivery_attempted,2026-07-13T11:01,East Michellehaven
KW-TRK-0001139,KW-O-001139,XpressBees,delivery_attempted,2026-06-11T10:09,New Jenniferstad
KW-TRK-0001140,KW-O-001140,Delhivery,delivery_attempted,2026-07-15T23:23,Anthonyfort
KW-TRK-0001141,KW-O-001141,XpressBees,exception,2026-06-21T12:51,Stephanieside
KW-TRK-0001142,KW-O-001142,Delhivery,out_for_delivery,2026-06-25T13:57,Alexismouth
KW-TRK-0001143,KW-O-001143,Ecom Express,delivery_attempted,2026-08-01T03:20,Mejiaport
KW-TRK-0001144,KW-O-001144,Ecom Express,out_for_delivery,2026-06-04T07:25,Jeffreyborough
KW-TRK-0001145,KW-O-001145,Bluedart,returned_to_origin,2026-06-28T08:54,Courtneyville
KW-TRK-0001146,KW-O-001146,Ecom Express,delivered,2026-07-15T20:19,Port Danielfort
KW-TRK-0001147,KW-O-001147,IndiaPost,delivery_attempted,2026-06-10T12:40,Martinborough
KW-TRK-0001148,KW-O-001148,IndiaPost,exception,2026-06-19T09:21,Brandiview
KW-TRK-0001149,KW-O-001149,XpressBees,exception,2026-07-07T17:10,North Maryborough
KW-TRK-0001150,KW-O-001150,Bluedart,exception,2026-07-12T14:39,Parkermouth
KW-TRK-0001151,KW-O-001151,Ecom Express,in_transit,2026-06-03T17:21,Shawnmouth
KW-TRK-0001152,KW-O-001152,Delhivery,in_transit,2026-07-24T06:47,Jamesborough
KW-TRK-0001153,KW-O-001153,Ecom Express,in_transit,2026-07-19T15:24,West Christine
KW-TRK-0001154,KW-O-001154,Delhivery,exception,2026-06-19T21:49,Port Robert
KW-TRK-0001155,KW-O-001155,IndiaPost,delivered,2026-06-16T00:30,East Laurenmouth
KW-TRK-0001156,KW-O-001156,Delhivery,delivered,2026-07-13T22:22,Brandonview
KW-TRK-0001157,KW-O-001157,Ecom Express,exception,2026-07-07T12:31,Lake Michelle
KW-TRK-0001158,KW-O-001158,Ecom Express,delivery_attempted,2026-06-08T13:04,West Stephanieland
KW-TRK-0001159,KW-O-001159,Delhivery,exception,2026-06-08T08:26,Port Michaelmouth
KW-TRK-0001160,KW-O-001160,Delhivery,returned_to_origin,2026-06-29T14:29,Gilbertville
KW-TRK-0001161,KW-O-001161,IndiaPost,delivery_attempted,2026-06-19T05:20,Hoffmanberg
KW-TRK-0001162,KW-O-001162,IndiaPost,delivered,2026-07-01T18:22,Smithstad
KW-TRK-0001163,KW-O-001163,Bluedart,in_transit,2026-07-30T19:44,East Megan
KW-TRK-0001164,KW-O-001164,XpressBees,returned_to_origin,2026-06-19T03:51,Richardberg
KW-TRK-0001165,KW-O-001165,XpressBees,returned_to_origin,2026-06-13T11:51,Angelachester
KW-TRK-0001166,KW-O-001166,Ecom Express,exception,2026-06-22T18:42,Brownmouth
KW-TRK-0001167,KW-O-001167,Ecom Express,out_for_delivery,2026-07-05T08:26,Sparksmouth
KW-TRK-0001168,KW-O-001168,Ecom Express,out_for_delivery,2026-07-05T15:54,Ramirezburgh
KW-TRK-0001169,KW-O-001169,IndiaPost,out_for_delivery,2026-07-24T02:51,South Janice
KW-TRK-0001170,KW-O-001170,IndiaPost,exception,2026-06-02T14:26,Tonyaview
KW-TRK-0001171,KW-O-001171,IndiaPost,exception,2026-07-22T00:08,Jessicachester
KW-TRK-0001172,KW-O-001172,Bluedart,out_for_delivery,2026-07-21T13:53,Lauramouth
KW-TRK-0001173,KW-O-001173,Ecom Express,exception,2026-07-16T12:20,Gregoryberg
KW-TRK-0001174,KW-O-001174,Ecom Express,in_transit,2026-06-26T03:34,Susanville
KW-TRK-0001175,KW-O-001175,Ecom Express,in_transit,2026-07-17T08:19,Port Heathermouth
KW-TRK-0001176,KW-O-001176,Ecom Express,returned_to_origin,2026-06-10T22:32,East Sarahtown
KW-TRK-0001177,KW-O-001177,XpressBees,exception,2026-07-03T04:20,North Ericport
KW-TRK-0001178,KW-O-001178,Bluedart,delivered,2026-07-24T09:12,Danielleshire
KW-TRK-0001179,KW-O-001179,Delhivery,exception,2026-06-27T15:51,North Susan
KW-TRK-0001180,KW-O-001180,Bluedart,delivered,2026-07-02T23:37,Lake Natalie
KW-TRK-0001181,KW-O-001181,Ecom Express,delivery_attempted,2026-07-06T11:38,Port Markmouth
KW-TRK-0001182,KW-O-001182,Bluedart,out_for_delivery,2026-06-08T03:32,East Adammouth
KW-TRK-0001183,KW-O-001183,IndiaPost,returned_to_origin,2026-06-04T14:47,Johnsonborough
KW-TRK-0001184,KW-O-001184,IndiaPost,in_transit,2026-06-11T16:01,Petersburgh
KW-TRK-0001185,KW-O-001185,XpressBees,exception,2026-07-06T05:42,West Kevinhaven
KW-TRK-0001186,KW-O-001186,XpressBees,delivery_attempted,2026-06-23T14:11,Cruzfort
KW-TRK-0001187,KW-O-001187,IndiaPost,out_for_delivery,2026-07-04T05:45,South Sylvia
KW-TRK-0001188,KW-O-001188,Delhivery,in_transit,2026-06-24T21:40,South Shane
KW-TRK-0001189,KW-O-001189,Bluedart,delivered,2026-07-24T07:58,Ballport
KW-TRK-0001190,KW-O-001190,Ecom Express,delivery_attempted,2026-07-02T09:53,Hernandeztown
KW-TRK-0001191,KW-O-001191,Delhivery,returned_to_origin,2026-06-26T16:08,West Meghan
KW-TRK-0001192,KW-O-001192,Ecom Express,out_for_delivery,2026-07-25T11:43,West Keith
KW-TRK-0001193,KW-O-001193,Bluedart,exception,2026-07-03T11:37,New Jefferyburgh
KW-TRK-0001194,KW-O-001194,Ecom Express,exception,2026-06-04T00:17,Lake Dennisland
KW-TRK-0001195,KW-O-001195,Bluedart,returned_to_origin,2026-06-18T09:15,East Catherine
KW-TRK-0001196,KW-O-001196,Delhivery,in_transit,2026-07-28T04:49,Lake Kevinland
KW-TRK-0001197,KW-O-001197,Ecom Express,in_transit,2026-07-18T05:14,South Joannaland
KW-TRK-0001198,KW-O-001198,XpressBees,delivery_attempted,2026-06-25T23:04,South Jose
KW-TRK-0001199,KW-O-001199,Bluedart,delivered,2026-06-20T17:17,East Jennifer
KW-TRK-0001200,KW-O-001200,XpressBees,in_transit,2026-06-06T01:25,Cooperside
KW-TRK-0001201,KW-O-001201,Delhivery,delivered,2026-06-22T16:23,Port Thomas
KW-TRK-0001202,KW-O-001202,Delhivery,exception,2026-06-17T19:37,Lake Stephenburgh
KW-TRK-0001203,KW-O-001203,IndiaPost,out_for_delivery,2026-06-04T19:30,Timothymouth
KW-TRK-0001204,KW-O-001204,Ecom Express,exception,2026-07-07T17:53,Juliestad
KW-TRK-0001205,KW-O-001205,Ecom Express,exception,2026-07-05T23:41,Timothyfurt
KW-TRK-0001206,KW-O-001206,IndiaPost,out_for_delivery,2026-07-21T09:42,Port Ashley
KW-TRK-0001207,KW-O-001207,Ecom Express,returned_to_origin,2026-07-20T17:01,West Douglasland
KW-TRK-0001208,KW-O-001208,Ecom Express,delivery_attempted,2026-07-05T21:08,Reyesside
KW-TRK-0001209,KW-O-001209,IndiaPost,returned_to_origin,2026-06-23T16:47,Lake Curtis
KW-TRK-0001210,KW-O-001210,Delhivery,returned_to_origin,2026-06-25T23:06,New Mistymouth
KW-TRK-0001211,KW-O-001211,XpressBees,returned_to_origin,2026-06-30T11:05,Lake Taylorland
KW-TRK-0001212,KW-O-001212,Delhivery,in_transit,2026-06-05T05:42,Mcdanielborough
KW-TRK-0001213,KW-O-001213,XpressBees,exception,2026-07-06T11:07,Cobbborough
KW-TRK-0001214,KW-O-001214,Bluedart,returned_to_origin,2026-07-21T08:45,Port Sara
KW-TRK-0001215,KW-O-001215,XpressBees,delivered,2026-07-15T13:44,Hunterberg
KW-TRK-0001216,KW-O-001216,XpressBees,delivery_attempted,2026-07-23T21:44,Lake Robert
KW-TRK-0001217,KW-O-001217,Delhivery,returned_to_origin,2026-06-03T20:14,North Jessica
KW-TRK-0001218,KW-O-001218,XpressBees,delivered,2026-07-19T04:49,Dianeshire
KW-TRK-0001219,KW-O-001219,Delhivery,exception,2026-07-21T20:46,Lake Kevinside
KW-TRK-0001220,KW-O-001220,Delhivery,returned_to_origin,2026-07-15T15:33,East Peggy
KW-TRK-0001221,KW-O-001221,XpressBees,out_for_delivery,2026-06-03T13:14,Denisebury
KW-TRK-0001222,KW-O-001222,Bluedart,returned_to_origin,2026-07-30T20:57,West Angela
KW-TRK-0001223,KW-O-001223,XpressBees,delivery_attempted,2026-07-07T11:02,Josephville
KW-TRK-0001224,KW-O-001224,XpressBees,exception,2026-07-23T02:48,Hardymouth
KW-TRK-0001225,KW-O-001225,Ecom Express,delivery_attempted,2026-06-04T02:18,Robinsonfurt
KW-TRK-0001226,KW-O-001226,IndiaPost,delivered,2026-07-05T12:41,Johntown
KW-TRK-0001227,KW-O-001227,IndiaPost,out_for_delivery,2026-07-03T09:12,Joseview
KW-TRK-0001228,KW-O-001228,IndiaPost,exception,2026-07-17T18:57,Carrville
KW-TRK-0001229,KW-O-001229,Bluedart,out_for_delivery,2026-06-17T13:46,South Cassandra
KW-TRK-0001230,KW-O-001230,IndiaPost,in_transit,2026-07-24T05:59,Smithshire
KW-TRK-0001231,KW-O-001231,XpressBees,delivery_attempted,2026-07-07T00:07,South Chad
KW-TRK-0001232,KW-O-001232,XpressBees,delivery_attempted,2026-07-04T05:46,West Johnmouth
KW-TRK-0001233,KW-O-001233,Bluedart,returned_to_origin,2026-07-25T23:38,Higginsborough
KW-TRK-0001234,KW-O-001234,Bluedart,exception,2026-06-15T04:56,Zimmermanmouth
KW-TRK-0001235,KW-O-001235,Bluedart,delivery_attempted,2026-07-05T12:31,New Stephanie
KW-TRK-0001236,KW-O-001236,Delhivery,in_transit,2026-06-26T20:23,East Edward
KW-TRK-0001237,KW-O-001237,IndiaPost,returned_to_origin,2026-06-06T22:30,East Laurafurt
KW-TRK-0001238,KW-O-001238,IndiaPost,delivered,2026-06-22T14:02,New Jacobton
KW-TRK-0001239,KW-O-001239,XpressBees,in_transit,2026-07-11T02:30,West Kathleenfort
KW-TRK-0001240,KW-O-001240,Ecom Express,returned_to_origin,2026-06-26T18:47,Stonehaven
KW-TRK-0001241,KW-O-001241,IndiaPost,delivery_attempted,2026-06-20T20:03,Baileyborough
KW-TRK-0001242,KW-O-001242,XpressBees,out_for_delivery,2026-06-06T09:32,Elizabethstad
KW-TRK-0001243,KW-O-001243,Delhivery,delivered,2026-06-27T04:07,East Dana
KW-TRK-0001244,KW-O-001244,Ecom Express,in_transit,2026-07-18T18:02,Glasston
KW-TRK-0001245,KW-O-001245,Delhivery,exception,2026-06-12T04:54,North Joshua
KW-TRK-0001246,KW-O-001246,XpressBees,delivery_attempted,2026-06-10T05:03,Joelfurt
KW-TRK-0001247,KW-O-001247,XpressBees,exception,2026-06-02T09:58,Port Ashleyshire
KW-TRK-0001248,KW-O-001248,Bluedart,in_transit,2026-06-19T22:28,Danielland
KW-TRK-0001249,KW-O-001249,Bluedart,out_for_delivery,2026-07-10T23:23,Maryburgh
KW-TRK-0001250,KW-O-001250,IndiaPost,out_for_delivery,2026-07-31T15:23,Port Jessica
KW-TRK-0001251,KW-O-001251,Bluedart,exception,2026-07-10T16:54,North Kimberlyshire
KW-TRK-0001252,KW-O-001252,XpressBees,exception,2026-06-26T21:46,Port Sara
KW-TRK-0001253,KW-O-001253,Delhivery,delivery_attempted,2026-06-10T09:21,Elizabethland
KW-TRK-0001254,KW-O-001254,IndiaPost,delivery_attempted,2026-07-13T04:21,Jamesview
KW-TRK-0001255,KW-O-001255,Ecom Express,delivery_attempted,2026-06-08T19:26,North Cheryl
KW-TRK-0001256,KW-O-001256,Bluedart,delivery_attempted,2026-07-28T00:30,North Barbara
KW-TRK-0001257,KW-O-001257,Delhivery,delivered,2026-06-20T03:18,Millershire
KW-TRK-0001258,KW-O-001258,IndiaPost,delivered,2026-07-13T04:22,Davisville
KW-TRK-0001259,KW-O-001259,Ecom Express,out_for_delivery,2026-06-04T19:06,South Brandon
KW-TRK-0001260,KW-O-001260,XpressBees,out_for_delivery,2026-06-12T16:55,Lake Edward
KW-TRK-0001261,KW-O-001261,Delhivery,in_transit,2026-06-02T21:02,East David
KW-TRK-0001262,KW-O-001262,Bluedart,exception,2026-07-09T21:02,Ortizberg
KW-TRK-0001263,KW-O-001263,Bluedart,exception,2026-07-23T08:05,North Catherineland
KW-TRK-0001264,KW-O-001264,Delhivery,out_for_delivery,2026-06-11T04:03,North Patrickville
KW-TRK-0001265,KW-O-001265,Ecom Express,out_for_delivery,2026-07-27T14:15,East Bobby
KW-TRK-0001266,KW-O-001266,Bluedart,in_transit,2026-07-20T04:07,South Derekmouth
KW-TRK-0001267,KW-O-001267,Ecom Express,in_transit,2026-07-09T13:53,Randolphborough
KW-TRK-0001268,KW-O-001268,IndiaPost,exception,2026-06-28T09:00,North Kelly
KW-TRK-0001269,KW-O-001269,Delhivery,in_transit,2026-07-25T18:13,South Omar
KW-TRK-0001270,KW-O-001270,IndiaPost,in_transit,2026-07-01T04:30,New Alexander
KW-TRK-0001271,KW-O-001271,Delhivery,returned_to_origin,2026-06-25T04:55,South Debra
KW-TRK-0001272,KW-O-001272,Bluedart,delivery_attempted,2026-07-20T00:29,Kimberlyville
KW-TRK-0001273,KW-O-001273,Delhivery,out_for_delivery,2026-06-15T01:33,Port Kristen
KW-TRK-0001274,KW-O-001274,Ecom Express,delivery_attempted,2026-06-26T20:30,North Christopher
KW-TRK-0001275,KW-O-001275,Ecom Express,delivery_attempted,2026-06-13T14:33,Port Angelafurt
KW-TRK-0001276,KW-O-001276,Bluedart,delivery_attempted,2026-06-07T01:25,West Michelle
KW-TRK-0001277,KW-O-001277,IndiaPost,in_transit,2026-07-14T03:06,Tinaberg
KW-TRK-0001278,KW-O-001278,IndiaPost,exception,2026-06-25T09:00,Nicholastown
KW-TRK-0001279,KW-O-001279,IndiaPost,delivery_attempted,2026-07-23T16:10,Lake Melanie
KW-TRK-0001280,KW-O-001280,XpressBees,returned_to_origin,2026-06-18T08:21,Jenniferland
KW-TRK-0001281,KW-O-001281,Bluedart,delivered,2026-06-14T05:51,Port Sarahshire
KW-TRK-0001282,KW-O-001282,XpressBees,in_transit,2026-06-06T04:42,Davidshire
KW-TRK-0001283,KW-O-001283,Bluedart,delivery_attempted,2026-06-18T00:01,Colonville
KW-TRK-0001284,KW-O-001284,XpressBees,in_transit,2026-07-21T06:53,South David
KW-TRK-0001285,KW-O-001285,Ecom Express,delivery_attempted,2026-07-24T03:07,Jamesstad
KW-TRK-0001286,KW-O-001286,Bluedart,exception,2026-06-12T13:02,Amberfurt
KW-TRK-0001287,KW-O-001287,Bluedart,delivery_attempted,2026-06-08T07:01,Kathrynberg
KW-TRK-0001288,KW-O-001288,Ecom Express,delivery_attempted,2026-06-28T17:27,Port Anthony
KW-TRK-0001289,KW-O-001289,IndiaPost,exception,2026-07-13T23:37,Lake Kimberlytown
KW-TRK-0001290,KW-O-001290,Ecom Express,returned_to_origin,2026-07-08T08:00,South Sarah
KW-TRK-0001291,KW-O-001291,IndiaPost,delivered,2026-07-16T01:15,Martinezburgh
KW-TRK-0001292,KW-O-001292,XpressBees,in_transit,2026-06-24T05:55,Hallfort
KW-TRK-0001293,KW-O-001293,Delhivery,delivery_attempted,2026-07-17T03:35,Bruceton
KW-TRK-0001294,KW-O-001294,Ecom Express,exception,2026-07-29T13:38,Higginsland
KW-TRK-0001295,KW-O-001295,Ecom Express,delivery_attempted,2026-07-30T22:33,Simmonsshire
KW-TRK-0001296,KW-O-001296,Bluedart,in_transit,2026-07-28T23:44,South Jeremyberg
KW-TRK-0001297,KW-O-001297,XpressBees,exception,2026-07-29T01:45,Amandaville
KW-TRK-0001298,KW-O-001298,Delhivery,exception,2026-07-19T06:39,Luisburgh
KW-TRK-0001299,KW-O-001299,XpressBees,delivered,2026-07-24T19:08,East Jacquelineport
KW-TRK-0001300,KW-O-001300,IndiaPost,delivered,2026-06-18T03:02,East Briantown
KW-TRK-0001301,KW-O-001301,Delhivery,in_transit,2026-07-24T14:44,Rebeccafurt
KW-TRK-0001302,KW-O-001302,Bluedart,delivered,2026-07-03T00:54,Elliottmouth
KW-TRK-0001303,KW-O-001303,Delhivery,out_for_delivery,2026-06-28T01:28,Rodneyport
KW-TRK-0001304,KW-O-001304,Delhivery,in_transit,2026-06-27T23:33,West Scottstad
KW-TRK-0001305,KW-O-001305,XpressBees,returned_to_origin,2026-06-19T06:40,Justinburgh
KW-TRK-0001306,KW-O-001306,Bluedart,delivery_attempted,2026-06-05T12:12,West Timothy
KW-TRK-0001307,KW-O-001307,Bluedart,in_transit,2026-06-17T07:38,East Maryview
KW-TRK-0001308,KW-O-001308,IndiaPost,delivery_attempted,2026-07-06T07:25,Hamiltonville
KW-TRK-0001309,KW-O-001309,Ecom Express,delivered,2026-07-15T17:49,New Brianville
KW-TRK-0001310,KW-O-001310,Ecom Express,out_for_delivery,2026-08-01T04:32,North Jaredchester
KW-TRK-0001311,KW-O-001311,IndiaPost,delivered,2026-06-11T01:13,North Shannon
KW-TRK-0001312,KW-O-001312,IndiaPost,out_for_delivery,2026-07-23T17:40,Kathrynland
KW-TRK-0001313,KW-O-001313,Delhivery,delivered,2026-06-10T04:58,Martinhaven
KW-TRK-0001314,KW-O-001314,Bluedart,delivery_attempted,2026-06-16T01:42,New Alexanderville
KW-TRK-0001315,KW-O-001315,Delhivery,in_transit,2026-06-21T01:27,Sethberg
KW-TRK-0001316,KW-O-001316,Ecom Express,returned_to_origin,2026-06-18T06:48,Port Jennifermouth
KW-TRK-0001317,KW-O-001317,Bluedart,delivery_attempted,2026-06-19T09:25,South Christopherhaven
KW-TRK-0001318,KW-O-001318,IndiaPost,out_for_delivery,2026-06-26T11:20,South Shawnbury
KW-TRK-0001319,KW-O-001319,Bluedart,returned_to_origin,2026-06-07T12:20,South Jennifermouth
KW-TRK-0001320,KW-O-001320,Ecom Express,returned_to_origin,2026-06-03T15:19,North Lisaport
KW-TRK-0001321,KW-O-001321,XpressBees,exception,2026-07-22T10:15,Taraview
KW-TRK-0001322,KW-O-001322,IndiaPost,exception,2026-06-10T01:15,Evansfurt
KW-TRK-0001323,KW-O-001323,Bluedart,out_for_delivery,2026-07-08T00:57,North Jane
KW-TRK-0001324,KW-O-001324,XpressBees,in_transit,2026-07-01T18:04,North Annetteburgh
KW-TRK-0001325,KW-O-001325,Ecom Express,exception,2026-06-24T20:49,Amandahaven
KW-TRK-0001326,KW-O-001326,Bluedart,delivery_attempted,2026-07-03T07:17,Seanchester
KW-TRK-0001327,KW-O-001327,IndiaPost,delivery_attempted,2026-06-14T16:37,Tylerborough
KW-TRK-0001328,KW-O-001328,Bluedart,in_transit,2026-06-15T08:10,New Adamborough
KW-TRK-0001329,KW-O-001329,IndiaPost,in_transit,2026-07-11T15:56,New Richard
KW-TRK-0001330,KW-O-001330,XpressBees,in_transit,2026-06-02T10:50,Weekschester
KW-TRK-0001331,KW-O-001331,XpressBees,returned_to_origin,2026-06-11T13:47,Kimberg
KW-TRK-0001332,KW-O-001332,IndiaPost,delivery_attempted,2026-07-14T00:25,West Brendahaven
KW-TRK-0001333,KW-O-001333,Delhivery,delivered,2026-06-14T20:52,Port Devon
KW-TRK-0001334,KW-O-001334,Bluedart,delivered,2026-06-17T03:44,Smithton
KW-TRK-0001335,KW-O-001335,IndiaPost,delivery_attempted,2026-06-21T23:38,Richardchester
KW-TRK-0001336,KW-O-001336,IndiaPost,in_transit,2026-06-09T10:23,West Tammyshire
KW-TRK-0001337,KW-O-001337,Bluedart,delivery_attempted,2026-06-03T00:18,Port Carlosville
KW-TRK-0001338,KW-O-001338,IndiaPost,returned_to_origin,2026-07-12T05:18,South Briannamouth
KW-TRK-0001339,KW-O-001339,XpressBees,exception,2026-07-14T10:17,West Benjaminview
KW-TRK-0001340,KW-O-001340,Ecom Express,delivery_attempted,2026-07-02T04:40,New Kayla
KW-TRK-0001341,KW-O-001341,Bluedart,delivered,2026-07-18T06:22,Port Jenniferview
KW-TRK-0001342,KW-O-001342,Delhivery,delivered,2026-07-31T07:07,West Johnland
KW-TRK-0001343,KW-O-001343,Ecom Express,delivery_attempted,2026-07-25T16:51,Kristenton
KW-TRK-0001344,KW-O-001344,XpressBees,delivered,2026-06-20T23:03,Cherylhaven
KW-TRK-0001345,KW-O-001345,IndiaPost,delivered,2026-06-20T09:47,Port Brittanyfort
KW-TRK-0001346,KW-O-001346,Ecom Express,out_for_delivery,2026-07-03T04:50,Loganhaven
KW-TRK-0001347,KW-O-001347,IndiaPost,delivery_attempted,2026-07-09T06:04,Fowlerland
KW-TRK-0001348,KW-O-001348,XpressBees,returned_to_origin,2026-07-27T16:21,South Brittany
KW-TRK-0001349,KW-O-001349,IndiaPost,exception,2026-07-19T05:02,Port Robertside
KW-TRK-0001350,KW-O-001350,Delhivery,exception,2026-07-27T23:07,Curtisfurt
KW-TRK-0001351,KW-O-001351,Ecom Express,in_transit,2026-07-10T01:10,East Javierport
KW-TRK-0001352,KW-O-001352,IndiaPost,in_transit,2026-06-24T04:14,South Timothyview
KW-TRK-0001353,KW-O-001353,Delhivery,exception,2026-06-26T13:34,East Mariah
KW-TRK-0001354,KW-O-001354,IndiaPost,exception,2026-06-05T07:12,Samuelborough
KW-TRK-0001355,KW-O-001355,Bluedart,delivered,2026-06-04T00:32,Brandiville
KW-TRK-0001356,KW-O-001356,XpressBees,delivered,2026-06-08T08:56,Romanland
KW-TRK-0001357,KW-O-001357,IndiaPost,exception,2026-06-09T19:40,Frederickchester
KW-TRK-0001358,KW-O-001358,Ecom Express,exception,2026-06-11T20:24,North Jason
KW-TRK-0001359,KW-O-001359,XpressBees,returned_to_origin,2026-07-09T06:24,New Stevenside
KW-TRK-0001360,KW-O-001360,Delhivery,out_for_delivery,2026-06-24T02:01,North Christopher
KW-TRK-0001361,KW-O-001361,Bluedart,exception,2026-07-02T04:15,Port Erictown
KW-TRK-0001362,KW-O-001362,IndiaPost,delivery_attempted,2026-06-17T00:43,Codyside
KW-TRK-0001363,KW-O-001363,Ecom Express,exception,2026-07-29T18:09,East Mikeshire
KW-TRK-0001364,KW-O-001364,IndiaPost,in_transit,2026-06-11T06:07,Lesterville
KW-TRK-0001365,KW-O-001365,Ecom Express,exception,2026-07-31T11:14,South Sydneyside
KW-TRK-0001366,KW-O-001366,Ecom Express,exception,2026-06-24T16:47,Sarahhaven
KW-TRK-0001367,KW-O-001367,Delhivery,returned_to_origin,2026-06-30T15:34,Port Loriland
KW-TRK-0001368,KW-O-001368,Bluedart,delivery_attempted,2026-06-14T13:54,Shannonport
KW-TRK-0001369,KW-O-001369,XpressBees,exception,2026-06-04T01:19,East Katherine
KW-TRK-0001370,KW-O-001370,IndiaPost,out_for_delivery,2026-07-25T12:51,Arroyostad
KW-TRK-0001371,KW-O-001371,XpressBees,in_transit,2026-07-03T12:46,New Tonya
KW-TRK-0001372,KW-O-001372,IndiaPost,delivery_attempted,2026-06-07T13:49,Samueltown
KW-TRK-0001373,KW-O-001373,Delhivery,in_transit,2026-07-28T06:26,North Lisa
KW-TRK-0001374,KW-O-001374,XpressBees,in_transit,2026-07-06T11:43,Amberchester
KW-TRK-0001375,KW-O-001375,Bluedart,exception,2026-07-23T01:17,Floresland
KW-TRK-0001376,KW-O-001376,Delhivery,delivered,2026-06-21T19:06,Port Jacob
KW-TRK-0001377,KW-O-001377,Ecom Express,returned_to_origin,2026-06-22T06:17,West Caitlinland
KW-TRK-0001378,KW-O-001378,IndiaPost,out_for_delivery,2026-07-03T14:41,East Williamfort
KW-TRK-0001379,KW-O-001379,IndiaPost,returned_to_origin,2026-06-08T07:41,Laceychester
KW-TRK-0001380,KW-O-001380,XpressBees,delivery_attempted,2026-07-15T09:05,South Jessica
KW-TRK-0001381,KW-O-001381,XpressBees,exception,2026-06-26T12:48,Lanefort
KW-TRK-0001382,KW-O-001382,Ecom Express,delivery_attempted,2026-06-16T10:48,West Bradleystad
KW-TRK-0001383,KW-O-001383,Ecom Express,exception,2026-06-27T16:12,Lake David
KW-TRK-0001384,KW-O-001384,Bluedart,exception,2026-07-13T13:56,Port Biancaville
KW-TRK-0001385,KW-O-001385,IndiaPost,delivery_attempted,2026-06-16T09:07,Ronaldfort
KW-TRK-0001386,KW-O-001386,Bluedart,returned_to_origin,2026-07-20T00:35,East Tony
KW-TRK-0001387,KW-O-001387,Ecom Express,out_for_delivery,2026-06-04T08:58,West Jennifer
KW-TRK-0001388,KW-O-001388,XpressBees,delivery_attempted,2026-06-30T03:32,Danielmouth
KW-TRK-0001389,KW-O-001389,IndiaPost,delivered,2026-06-15T01:02,Whiteton
KW-TRK-0001390,KW-O-001390,XpressBees,exception,2026-06-21T21:27,Milesport
KW-TRK-0001391,KW-O-001391,Delhivery,delivery_attempted,2026-07-23T15:57,Reyesbury
KW-TRK-0001392,KW-O-001392,Delhivery,exception,2026-07-01T16:19,Selenachester
KW-TRK-0001393,KW-O-001393,XpressBees,delivery_attempted,2026-06-04T17:20,West Shawnport
KW-TRK-0001394,KW-O-001394,XpressBees,exception,2026-06-19T02:22,North Scott
KW-TRK-0001395,KW-O-001395,XpressBees,delivered,2026-06-12T11:54,New Matthew
KW-TRK-0001396,KW-O-001396,IndiaPost,exception,2026-06-18T18:18,Thomasstad
KW-TRK-0001397,KW-O-001397,XpressBees,exception,2026-07-29T14:00,Port Crystal
KW-TRK-0001398,KW-O-001398,Bluedart,returned_to_origin,2026-07-02T16:24,Amyberg
KW-TRK-0001399,KW-O-001399,Ecom Express,delivered,2026-07-23T11:09,New Tammybury
KW-TRK-0001400,KW-O-001400,Delhivery,delivery_attempted,2026-06-15T22:53,Amandaside
KW-TRK-0001401,KW-O-001401,IndiaPost,delivery_attempted,2026-06-22T08:23,New Blake
KW-TRK-0001402,KW-O-001402,Delhivery,in_transit,2026-06-20T13:18,Taylorview
KW-TRK-0001403,KW-O-001403,Ecom Express,returned_to_origin,2026-06-11T17:06,Mendozahaven
KW-TRK-0001404,KW-O-001404,Delhivery,exception,2026-07-26T18:49,Guzmanland
KW-TRK-0001405,KW-O-001405,IndiaPost,delivery_attempted,2026-07-11T10:43,Johnsonland
KW-TRK-0001406,KW-O-001406,Delhivery,delivered,2026-06-03T01:21,West Charlesville
KW-TRK-0001407,KW-O-001407,Ecom Express,in_transit,2026-07-15T07:41,West Donna
KW-TRK-0001408,KW-O-001408,Ecom Express,delivered,2026-07-17T18:36,Port Morgan
KW-TRK-0001409,KW-O-001409,IndiaPost,delivered,2026-06-20T01:20,Rodriguezborough
KW-TRK-0001410,KW-O-001410,Delhivery,delivered,2026-07-11T07:14,Corteztown
KW-TRK-0001411,KW-O-001411,XpressBees,delivery_attempted,2026-07-22T11:28,Jacobbury
KW-TRK-0001412,KW-O-001412,Ecom Express,in_transit,2026-07-12T09:33,West Manuelhaven
KW-TRK-0001413,KW-O-001413,XpressBees,out_for_delivery,2026-06-08T20:01,South Martintown
KW-TRK-0001414,KW-O-001414,IndiaPost,delivered,2026-06-09T09:07,West Rebecca
KW-TRK-0001415,KW-O-001415,IndiaPost,in_transit,2026-06-26T09:48,Karenfort
KW-TRK-0001416,KW-O-001416,Ecom Express,exception,2026-06-16T07:34,West David
KW-TRK-0001417,KW-O-001417,XpressBees,delivered,2026-07-04T04:36,South Louiston
KW-TRK-0001418,KW-O-001418,Ecom Express,exception,2026-07-16T11:32,Lake Keith
KW-TRK-0001419,KW-O-001419,Bluedart,exception,2026-07-04T03:10,Port Ashleyfurt
KW-TRK-0001420,KW-O-001420,Bluedart,exception,2026-06-04T14:36,South Karlafort
KW-TRK-0001421,KW-O-001421,Ecom Express,delivery_attempted,2026-06-27T14:24,Port Zacharyview
KW-TRK-0001422,KW-O-001422,Ecom Express,exception,2026-07-23T11:56,New Ambertown
KW-TRK-0001423,KW-O-001423,Bluedart,delivery_attempted,2026-07-12T18:19,Murrayside
KW-TRK-0001424,KW-O-001424,IndiaPost,delivered,2026-07-24T06:53,North Joseph
KW-TRK-0001425,KW-O-001425,IndiaPost,returned_to_origin,2026-07-01T07:39,Nelsonhaven
KW-TRK-0001426,KW-O-001426,Bluedart,out_for_delivery,2026-07-25T08:23,Port Jeremymouth
KW-TRK-0001427,KW-O-001427,Delhivery,in_transit,2026-06-19T17:38,South Courtney
KW-TRK-0001428,KW-O-001428,IndiaPost,delivery_attempted,2026-06-06T21:15,Amyside
KW-TRK-0001429,KW-O-001429,IndiaPost,returned_to_origin,2026-06-25T04:17,Lake Theresa
KW-TRK-0001430,KW-O-001430,Delhivery,delivered,2026-07-31T06:35,Hortonside
KW-TRK-0001431,KW-O-001431,Ecom Express,returned_to_origin,2026-06-19T12:10,Collinshaven
KW-TRK-0001432,KW-O-001432,Delhivery,delivered,2026-07-07T13:14,Bradleyland
KW-TRK-0001433,KW-O-001433,Delhivery,delivered,2026-07-24T21:48,Matthewview
KW-TRK-0001434,KW-O-001434,XpressBees,in_transit,2026-07-09T22:32,Lindaton
KW-TRK-0001435,KW-O-001435,Bluedart,exception,2026-06-20T17:23,North Christinaburgh
KW-TRK-0001436,KW-O-001436,Ecom Express,out_for_delivery,2026-07-02T09:31,Port Gracefort
KW-TRK-0001437,KW-O-001437,Bluedart,delivery_attempted,2026-07-13T12:47,Johnfurt
KW-TRK-0001438,KW-O-001438,Ecom Express,delivered,2026-07-11T22:16,West Danielfort
KW-TRK-0001439,KW-O-001439,Bluedart,delivered,2026-06-11T23:00,South Feliciaton
KW-TRK-0001440,KW-O-001440,Bluedart,exception,2026-07-28T13:28,Port Caitlin
KW-TRK-0001441,KW-O-001441,Bluedart,in_transit,2026-06-12T01:35,Clarkmouth
KW-TRK-0001442,KW-O-001442,Ecom Express,exception,2026-07-17T06:38,South Theresa
KW-TRK-0001443,KW-O-001443,Delhivery,returned_to_origin,2026-06-10T02:14,North Xavier
KW-TRK-0001444,KW-O-001444,Delhivery,returned_to_origin,2026-07-21T13:06,Markton
KW-TRK-0001445,KW-O-001445,Delhivery,delivered,2026-07-22T20:10,Washingtonton
KW-TRK-0001446,KW-O-001446,Ecom Express,delivered,2026-07-26T18:01,New Dianashire
KW-TRK-0001447,KW-O-001447,Bluedart,exception,2026-06-11T23:48,Lindsayport
KW-TRK-0001448,KW-O-001448,Delhivery,delivery_attempted,2026-07-18T11:25,Haroldport
KW-TRK-0001449,KW-O-001449,Bluedart,out_for_delivery,2026-07-15T07:57,Lutzview
KW-TRK-0001450,KW-O-001450,IndiaPost,exception,2026-06-12T13:55,Reynoldschester
KW-TRK-0001451,KW-O-001451,Ecom Express,delivery_attempted,2026-07-21T02:30,West Kristinaview
KW-TRK-0001452,KW-O-001452,Ecom Express,out_for_delivery,2026-07-30T18:46,North Lori
KW-TRK-0001453,KW-O-001453,Bluedart,returned_to_origin,2026-06-11T16:57,Leroystad
KW-TRK-0001454,KW-O-001454,IndiaPost,delivered,2026-06-28T17:26,Avilamouth
KW-TRK-0001455,KW-O-001455,IndiaPost,returned_to_origin,2026-06-26T21:09,New Shannonport
KW-TRK-0001456,KW-O-001456,Bluedart,returned_to_origin,2026-06-02T13:38,Tamiborough
KW-TRK-0001457,KW-O-001457,Delhivery,in_transit,2026-07-24T14:18,South Davidstad
KW-TRK-0001458,KW-O-001458,XpressBees,exception,2026-06-17T21:46,Laurenfurt
KW-TRK-0001459,KW-O-001459,Delhivery,returned_to_origin,2026-06-06T17:12,Port Cynthia
KW-TRK-0001460,KW-O-001460,IndiaPost,delivered,2026-06-11T18:46,Rogersport
KW-TRK-0001461,KW-O-001461,XpressBees,returned_to_origin,2026-07-10T03:34,North Randymouth
KW-TRK-0001462,KW-O-001462,Ecom Express,returned_to_origin,2026-07-01T01:22,Jeremyton
KW-TRK-0001463,KW-O-001463,Bluedart,out_for_delivery,2026-07-27T05:39,Lake Sarahchester
KW-TRK-0001464,KW-O-001464,Delhivery,delivery_attempted,2026-07-13T05:29,Port Jacob
KW-TRK-0001465,KW-O-001465,Ecom Express,delivered,2026-06-14T16:20,East Kelly
KW-TRK-0001466,KW-O-001466,IndiaPost,exception,2026-07-03T08:17,Pattersonfort
KW-TRK-0001467,KW-O-001467,XpressBees,delivery_attempted,2026-06-14T22:44,Collinsberg
KW-TRK-0001468,KW-O-001468,XpressBees,in_transit,2026-06-18T17:52,Christinafurt
KW-TRK-0001469,KW-O-001469,Delhivery,returned_to_origin,2026-07-09T17:43,North Christianview
KW-TRK-0001470,KW-O-001470,Ecom Express,delivery_attempted,2026-06-19T16:44,North Nathanhaven
KW-TRK-0001471,KW-O-001471,IndiaPost,in_transit,2026-06-03T16:10,Amandahaven
KW-TRK-0001472,KW-O-001472,XpressBees,in_transit,2026-07-07T19:38,Holdertown
KW-TRK-0001473,KW-O-001473,XpressBees,returned_to_origin,2026-06-04T20:56,North Thomashaven
KW-TRK-0001474,KW-O-001474,Bluedart,returned_to_origin,2026-07-25T22:34,Olsonfort
KW-TRK-0001475,KW-O-001475,XpressBees,in_transit,2026-06-03T01:08,East Nancy
KW-TRK-0001476,KW-O-001476,Delhivery,in_transit,2026-06-02T10:04,New Caitlin
KW-TRK-0001477,KW-O-001477,Ecom Express,out_for_delivery,2026-07-16T15:42,Scotttown
KW-TRK-0001478,KW-O-001478,XpressBees,out_for_delivery,2026-07-25T09:37,Seanchester
KW-TRK-0001479,KW-O-001479,IndiaPost,returned_to_origin,2026-07-18T21:17,Melissachester
KW-TRK-0001480,KW-O-001480,Delhivery,exception,2026-06-17T09:12,East Jessicaburgh
KW-TRK-0001481,KW-O-001481,Bluedart,out_for_delivery,2026-06-03T08:29,East Allisonbury
KW-TRK-0001482,KW-O-001482,IndiaPost,in_transit,2026-06-08T08:06,Petersonchester
KW-TRK-0001483,KW-O-001483,XpressBees,in_transit,2026-07-13T13:13,Heatherfurt
KW-TRK-0001484,KW-O-001484,XpressBees,exception,2026-06-18T21:15,South Angelaburgh
KW-TRK-0001485,KW-O-001485,Delhivery,out_for_delivery,2026-07-29T16:32,Tonyahaven
KW-TRK-0001486,KW-O-001486,IndiaPost,delivery_attempted,2026-07-10T09:27,West David
KW-TRK-0001487,KW-O-001487,Delhivery,in_transit,2026-07-07T22:29,New Mark
KW-TRK-0001488,KW-O-001488,Ecom Express,in_transit,2026-07-06T04:49,Michaelview
KW-TRK-0001489,KW-O-001489,Bluedart,returned_to_origin,2026-07-26T20:56,North Emmachester
KW-TRK-0001490,KW-O-001490,Bluedart,delivery_attempted,2026-06-02T15:04,Kevinstad
KW-TRK-0001491,KW-O-001491,Delhivery,delivery_attempted,2026-06-15T09:27,Denisemouth
KW-TRK-0001492,KW-O-001492,XpressBees,exception,2026-06-18T13:21,Port James
KW-TRK-0001493,KW-O-001493,XpressBees,delivered,2026-06-17T09:26,North Donaldborough
KW-TRK-0001494,KW-O-001494,XpressBees,delivery_attempted,2026-06-23T09:51,Lake Traci
KW-TRK-0001495,KW-O-001495,Ecom Express,returned_to_origin,2026-06-25T10:54,Kaylafort
KW-TRK-0001496,KW-O-001496,Ecom Express,returned_to_origin,2026-06-18T15:17,South Samuelfurt
KW-TRK-0001497,KW-O-001497,IndiaPost,out_for_delivery,2026-07-26T16:36,East Elizabeth
KW-TRK-0001498,KW-O-001498,XpressBees,exception,2026-07-24T20:42,South Geoffrey
KW-TRK-0001499,KW-O-001499,IndiaPost,exception,2026-06-28T12:35,Port Marissa
